image_id,file_name,local_filename,location,site_id,date_captured,seq_id,species_label,latitude,longitude,habitat_type,local_image_path
S1/D02/D02_R1/S1_D02_R1_PICT1577,S1/D02/D02_R1/S1_D02_R1_PICT1577.JPG,s1_d02_d02_r1_s1_d02_r1_pict1577.jpg,D02,D02,,SER_S1#D02#1#525,wildebeest,-2.3333,34.8333,unknown,images\s1_d02_d02_r1_s1_d02_r1_pict1577.jpg
S1/R10/R10_R1/S1_R10_R1_PICT1445,S1/R10/R10_R1/S1_R10_R1_PICT1445.JPG,s1_r10_r10_r1_s1_r10_r1_pict1445.jpg,R10,R10,,SER_S1#R10#1#483,wildebeest,-2.3333,34.8333,unknown,images\s1_r10_r10_r1_s1_r10_r1_pict1445.jpg
S1/E06/E06_R4/S1_E06_R4_PICT1571,S1/E06/E06_R4/S1_E06_R4_PICT1571.JPG,s1_e06_e06_r4_s1_e06_r4_pict1571.jpg,E06,E06,,SER_S1#E06#4#525,wildebeest,-2.3062,34.9027,kopje,images\s1_e06_e06_r4_s1_e06_r4_pict1571.jpg
S1/E06/E06_R4/S1_E06_R4_PICT1563,S1/E06/E06_R4/S1_E06_R4_PICT1563.JPG,s1_e06_e06_r4_s1_e06_r4_pict1563.jpg,E06,E06,,SER_S1#E06#4#522,wildebeest,-2.3062,34.9027,kopje,images\s1_e06_e06_r4_s1_e06_r4_pict1563.jpg
S1/E06/E06_R4/S1_E06_R4_PICT1725,S1/E06/E06_R4/S1_E06_R4_PICT1725.JPG,s1_e06_e06_r4_s1_e06_r4_pict1725.jpg,E06,E06,,SER_S1#E06#4#576,wildebeest,-2.3062,34.9027,kopje,images\s1_e06_e06_r4_s1_e06_r4_pict1725.jpg
S1/E06/E06_R4/S1_E06_R4_PICT1560,S1/E06/E06_R4/S1_E06_R4_PICT1560.JPG,s1_e06_e06_r4_s1_e06_r4_pict1560.jpg,E06,E06,,SER_S1#E06#4#521,wildebeest,-2.3062,34.9027,kopje,images\s1_e06_e06_r4_s1_e06_r4_pict1560.jpg
S1/E06/E06_R4/S1_E06_R4_PICT1575,S1/E06/E06_R4/S1_E06_R4_PICT1575.JPG,s1_e06_e06_r4_s1_e06_r4_pict1575.jpg,E06,E06,,SER_S1#E06#4#526,wildebeest,-2.3062,34.9027,kopje,images\s1_e06_e06_r4_s1_e06_r4_pict1575.jpg
S1/H02/H02_R2/S1_H02_R2_PICT0762,S1/H02/H02_R2/S1_H02_R2_PICT0762.JPG,s1_h02_h02_r2_s1_h02_r2_pict0762.jpg,H02,H02,,SER_S1#H02#2#254,wildebeest,-2.3333,34.8333,unknown,images\s1_h02_h02_r2_s1_h02_r2_pict0762.jpg
S1/H02/H02_R2/S1_H02_R2_PICT0689,S1/H02/H02_R2/S1_H02_R2_PICT0689.JPG,s1_h02_h02_r2_s1_h02_r2_pict0689.jpg,H02,H02,,SER_S1#H02#2#230,wildebeest,-2.3333,34.8333,unknown,images\s1_h02_h02_r2_s1_h02_r2_pict0689.jpg
S1/H02/H02_R2/S1_H02_R2_PICT1018,S1/H02/H02_R2/S1_H02_R2_PICT1018.JPG,s1_h02_h02_r2_s1_h02_r2_pict1018.jpg,H02,H02,,SER_S1#H02#2#340,wildebeest,-2.3333,34.8333,unknown,images\s1_h02_h02_r2_s1_h02_r2_pict1018.jpg
S1/H02/H02_R2/S1_H02_R2_PICT0623,S1/H02/H02_R2/S1_H02_R2_PICT0623.JPG,s1_h02_h02_r2_s1_h02_r2_pict0623.jpg,H02,H02,,SER_S1#H02#2#208,wildebeest,-2.3333,34.8333,unknown,images\s1_h02_h02_r2_s1_h02_r2_pict0623.jpg
S1/E06/E06_R4/S1_E06_R4_PICT1787,S1/E06/E06_R4/S1_E06_R4_PICT1787.JPG,s1_e06_e06_r4_s1_e06_r4_pict1787.jpg,E06,E06,,SER_S1#E06#4#597,wildebeest,-2.3062,34.9027,kopje,images\s1_e06_e06_r4_s1_e06_r4_pict1787.jpg
S1/O05/O05_R1/S1_O05_R1_PICT4124,S1/O05/O05_R1/S1_O05_R1_PICT4124.JPG,s1_o05_o05_r1_s1_o05_r1_pict4124.jpg,O05,O05,,SER_S1#O05#1#1251,wildebeest,-2.3333,34.8333,unknown,images\s1_o05_o05_r1_s1_o05_r1_pict4124.jpg
S1/G02/G02_R4/S1_G02_R4_PICT0422,S1/G02/G02_R4/S1_G02_R4_PICT0422.JPG,s1_g02_g02_r4_s1_g02_r4_pict0422.jpg,G02,G02,,SER_S1#G02#4#142,wildebeest,-2.3333,34.8333,unknown,images\s1_g02_g02_r4_s1_g02_r4_pict0422.jpg
S1/K03/K03_R1/S1_K03_R1_PICT0997,S1/K03/K03_R1/S1_K03_R1_PICT0997.JPG,s1_k03_k03_r1_s1_k03_r1_pict0997.jpg,K03,K03,,SER_S1#K03#1#333,wildebeest,-2.3333,34.8333,unknown,images\s1_k03_k03_r1_s1_k03_r1_pict0997.jpg
S1/E06/E06_R4/S1_E06_R4_PICT1698,S1/E06/E06_R4/S1_E06_R4_PICT1698.JPG,s1_e06_e06_r4_s1_e06_r4_pict1698.jpg,E06,E06,,SER_S1#E06#4#567,wildebeest,-2.3062,34.9027,kopje,images\s1_e06_e06_r4_s1_e06_r4_pict1698.jpg
S1/H02/H02_R2/S1_H02_R2_PICT0733,S1/H02/H02_R2/S1_H02_R2_PICT0733.JPG,s1_h02_h02_r2_s1_h02_r2_pict0733.jpg,H02,H02,,SER_S1#H02#2#245,wildebeest,-2.3333,34.8333,unknown,images\s1_h02_h02_r2_s1_h02_r2_pict0733.jpg
S1/E06/E06_R4/S1_E06_R4_PICT1622,S1/E06/E06_R4/S1_E06_R4_PICT1622.JPG,s1_e06_e06_r4_s1_e06_r4_pict1622.jpg,E06,E06,,SER_S1#E06#4#542,wildebeest,-2.3062,34.9027,kopje,images\s1_e06_e06_r4_s1_e06_r4_pict1622.jpg
S1/Q12/Q12_R1/S1_Q12_R1_PICT1020,S1/Q12/Q12_R1/S1_Q12_R1_PICT1020.JPG,s1_q12_q12_r1_s1_q12_r1_pict1020.jpg,Q12,Q12,,SER_S1#Q12#1#341,wildebeest,-2.3333,34.8333,unknown,images\s1_q12_q12_r1_s1_q12_r1_pict1020.jpg
S1/H02/H02_R2/S1_H02_R2_PICT0695,S1/H02/H02_R2/S1_H02_R2_PICT0695.JPG,s1_h02_h02_r2_s1_h02_r2_pict0695.jpg,H02,H02,,SER_S1#H02#2#232,wildebeest,-2.3333,34.8333,unknown,images\s1_h02_h02_r2_s1_h02_r2_pict0695.jpg
S1/L06/L06_R1/S1_L06_R1_PICT0424,S1/L06/L06_R1/S1_L06_R1_PICT0424.JPG,s1_l06_l06_r1_s1_l06_r1_pict0424.jpg,L06,L06,,SER_S1#L06#1#142,wildebeest,-2.3333,34.8333,unknown,images\s1_l06_l06_r1_s1_l06_r1_pict0424.jpg
S1/F02/F02_R3/S1_F02_R3_PICT0470,S1/F02/F02_R3/S1_F02_R3_PICT0470.JPG,s1_f02_f02_r3_s1_f02_r3_pict0470.jpg,F02,F02,,SER_S1#F02#3#157,wildebeest,-2.3333,34.8333,unknown,images\s1_f02_f02_r3_s1_f02_r3_pict0470.jpg
S1/J03/J03_R1/S1_J03_R1_PICT2877,S1/J03/J03_R1/S1_J03_R1_PICT2877.JPG,s1_j03_j03_r1_s1_j03_r1_pict2877.jpg,J03,J03,,SER_S1#J03#1#311,wildebeest,-2.3333,34.8333,unknown,images\s1_j03_j03_r1_s1_j03_r1_pict2877.jpg
S1/E06/E06_R4/S1_E06_R4_PICT1706,S1/E06/E06_R4/S1_E06_R4_PICT1706.JPG,s1_e06_e06_r4_s1_e06_r4_pict1706.jpg,E06,E06,,SER_S1#E06#4#570,wildebeest,-2.3062,34.9027,kopje,images\s1_e06_e06_r4_s1_e06_r4_pict1706.jpg
S1/E06/E06_R4/S1_E06_R4_PICT1532,S1/E06/E06_R4/S1_E06_R4_PICT1532.JPG,s1_e06_e06_r4_s1_e06_r4_pict1532.jpg,E06,E06,,SER_S1#E06#4#512,wildebeest,-2.3062,34.9027,kopje,images\s1_e06_e06_r4_s1_e06_r4_pict1532.jpg
S1/H07/H07_R1/S1_H07_R1_PICT0469,S1/H07/H07_R1/S1_H07_R1_PICT0469.JPG,s1_h07_h07_r1_s1_h07_r1_pict0469.jpg,H07,H07,,SER_S1#H07#1#469,wildebeest,-2.3333,34.8333,unknown,images\s1_h07_h07_r1_s1_h07_r1_pict0469.jpg
S1/E09/E09_R2/S1_E09_R2_PICT1163,S1/E09/E09_R2/S1_E09_R2_PICT1163.JPG,s1_e09_e09_r2_s1_e09_r2_pict1163.jpg,E09,E09,,SER_S1#E09#2#389,wildebeest,-2.3333,34.8333,unknown,images\s1_e09_e09_r2_s1_e09_r2_pict1163.jpg
S1/H02/H02_R2/S1_H02_R2_PICT1020,S1/H02/H02_R2/S1_H02_R2_PICT1020.JPG,s1_h02_h02_r2_s1_h02_r2_pict1020.jpg,H02,H02,,SER_S1#H02#2#340,wildebeest,-2.3333,34.8333,unknown,images\s1_h02_h02_r2_s1_h02_r2_pict1020.jpg
S1/H02/H02_R2/S1_H02_R2_PICT0608,S1/H02/H02_R2/S1_H02_R2_PICT0608.JPG,s1_h02_h02_r2_s1_h02_r2_pict0608.jpg,H02,H02,,SER_S1#H02#2#203,wildebeest,-2.3333,34.8333,unknown,images\s1_h02_h02_r2_s1_h02_r2_pict0608.jpg
S1/E09/E09_R2/S1_E09_R2_PICT1165,S1/E09/E09_R2/S1_E09_R2_PICT1165.JPG,s1_e09_e09_r2_s1_e09_r2_pict1165.jpg,E09,E09,,SER_S1#E09#2#389,wildebeest,-2.3333,34.8333,unknown,images\s1_e09_e09_r2_s1_e09_r2_pict1165.jpg
S1/H02/H02_R2/S1_H02_R2_PICT0595,S1/H02/H02_R2/S1_H02_R2_PICT0595.JPG,s1_h02_h02_r2_s1_h02_r2_pict0595.jpg,H02,H02,,SER_S1#H02#2#199,wildebeest,-2.3333,34.8333,unknown,images\s1_h02_h02_r2_s1_h02_r2_pict0595.jpg
S1/E06/E06_R4/S1_E06_R4_PICT1858,S1/E06/E06_R4/S1_E06_R4_PICT1858.JPG,s1_e06_e06_r4_s1_e06_r4_pict1858.jpg,E06,E06,,SER_S1#E06#4#620,wildebeest,-2.3062,34.9027,kopje,images\s1_e06_e06_r4_s1_e06_r4_pict1858.jpg
S1/E06/E06_R4/S1_E06_R4_PICT1633,S1/E06/E06_R4/S1_E06_R4_PICT1633.JPG,s1_e06_e06_r4_s1_e06_r4_pict1633.jpg,E06,E06,,SER_S1#E06#4#545,wildebeest,-2.3062,34.9027,kopje,images\s1_e06_e06_r4_s1_e06_r4_pict1633.jpg
S1/E06/E06_R4/S1_E06_R4_PICT1714,S1/E06/E06_R4/S1_E06_R4_PICT1714.JPG,s1_e06_e06_r4_s1_e06_r4_pict1714.jpg,E06,E06,,SER_S1#E06#4#572,wildebeest,-2.3062,34.9027,kopje,images\s1_e06_e06_r4_s1_e06_r4_pict1714.jpg
S1/E06/E06_R4/S1_E06_R4_PICT1702,S1/E06/E06_R4/S1_E06_R4_PICT1702.JPG,s1_e06_e06_r4_s1_e06_r4_pict1702.jpg,E06,E06,,SER_S1#E06#4#568,wildebeest,-2.3062,34.9027,kopje,images\s1_e06_e06_r4_s1_e06_r4_pict1702.jpg
S1/E06/E06_R4/S1_E06_R4_PICT1565,S1/E06/E06_R4/S1_E06_R4_PICT1565.JPG,s1_e06_e06_r4_s1_e06_r4_pict1565.jpg,E06,E06,,SER_S1#E06#4#523,wildebeest,-2.3062,34.9027,kopje,images\s1_e06_e06_r4_s1_e06_r4_pict1565.jpg
S1/H02/H02_R2/S1_H02_R2_PICT0687,S1/H02/H02_R2/S1_H02_R2_PICT0687.JPG,s1_h02_h02_r2_s1_h02_r2_pict0687.jpg,H02,H02,,SER_S1#H02#2#229,wildebeest,-2.3333,34.8333,unknown,images\s1_h02_h02_r2_s1_h02_r2_pict0687.jpg
S1/E06/E06_R3/S1_E06_R3_PICT0074,S1/E06/E06_R3/S1_E06_R3_PICT0074.JPG,s1_e06_e06_r3_s1_e06_r3_pict0074.jpg,E06,E06,,SER_S1#E06#3#25,wildebeest,-2.3062,34.9027,kopje,images\s1_e06_e06_r3_s1_e06_r3_pict0074.jpg
S1/L08/L08_R1/S1_L08_R1_PICT1308,S1/L08/L08_R1/S1_L08_R1_PICT1308.JPG,s1_l08_l08_r1_s1_l08_r1_pict1308.jpg,L08,L08,,SER_S1#L08#1#437,wildebeest,-2.3333,34.8333,unknown,images\s1_l08_l08_r1_s1_l08_r1_pict1308.jpg
S1/G06/G06_R3/S1_G06_R3_PICT0431,S1/G06/G06_R3/S1_G06_R3_PICT0431.JPG,s1_g06_g06_r3_s1_g06_r3_pict0431.jpg,G06,G06,,SER_S1#G06#3#144,wildebeest,-2.3333,34.8333,unknown,images\s1_g06_g06_r3_s1_g06_r3_pict0431.jpg
S1/E06/E06_R4/S1_E06_R4_PICT1744,S1/E06/E06_R4/S1_E06_R4_PICT1744.JPG,s1_e06_e06_r4_s1_e06_r4_pict1744.jpg,E06,E06,,SER_S1#E06#4#582,wildebeest,-2.3062,34.9027,kopje,images\s1_e06_e06_r4_s1_e06_r4_pict1744.jpg
S1/E04/E04_R5/S1_E04_R5_PICT0018,S1/E04/E04_R5/S1_E04_R5_PICT0018.JPG,s1_e04_e04_r5_s1_e04_r5_pict0018.jpg,E04,E04,,SER_S1#E04#5#7,wildebeest,-2.3062,34.8027,open_grassland,images\s1_e04_e04_r5_s1_e04_r5_pict0018.jpg
S1/E06/E06_R4/S1_E06_R4_PICT1658,S1/E06/E06_R4/S1_E06_R4_PICT1658.JPG,s1_e06_e06_r4_s1_e06_r4_pict1658.jpg,E06,E06,,SER_S1#E06#4#554,wildebeest,-2.3062,34.9027,kopje,images\s1_e06_e06_r4_s1_e06_r4_pict1658.jpg
S1/H02/H02_R2/S1_H02_R2_PICT0728,S1/H02/H02_R2/S1_H02_R2_PICT0728.JPG,s1_h02_h02_r2_s1_h02_r2_pict0728.jpg,H02,H02,,SER_S1#H02#2#243,wildebeest,-2.3333,34.8333,unknown,images\s1_h02_h02_r2_s1_h02_r2_pict0728.jpg
S1/E06/E06_R4/S1_E06_R4_PICT1713,S1/E06/E06_R4/S1_E06_R4_PICT1713.JPG,s1_e06_e06_r4_s1_e06_r4_pict1713.jpg,E06,E06,,SER_S1#E06#4#572,wildebeest,-2.3062,34.9027,kopje,images\s1_e06_e06_r4_s1_e06_r4_pict1713.jpg
S1/E06/E06_R4/S1_E06_R4_PICT1721,S1/E06/E06_R4/S1_E06_R4_PICT1721.JPG,s1_e06_e06_r4_s1_e06_r4_pict1721.jpg,E06,E06,,SER_S1#E06#4#575,wildebeest,-2.3062,34.9027,kopje,images\s1_e06_e06_r4_s1_e06_r4_pict1721.jpg
S1/G01/G01_R2/S1_G01_R2_PICT0305,S1/G01/G01_R2/S1_G01_R2_PICT0305.JPG,s1_g01_g01_r2_s1_g01_r2_pict0305.jpg,G01,G01,,SER_S1#G01#2#103,wildebeest,-2.3333,34.8333,unknown,images\s1_g01_g01_r2_s1_g01_r2_pict0305.jpg
S1/E06/E06_R4/S1_E06_R4_PICT1578,S1/E06/E06_R4/S1_E06_R4_PICT1578.JPG,s1_e06_e06_r4_s1_e06_r4_pict1578.jpg,E06,E06,,SER_S1#E06#4#527,wildebeest,-2.3062,34.9027,kopje,images\s1_e06_e06_r4_s1_e06_r4_pict1578.jpg
S1/H02/H02_R2/S1_H02_R2_PICT0706,S1/H02/H02_R2/S1_H02_R2_PICT0706.JPG,s1_h02_h02_r2_s1_h02_r2_pict0706.jpg,H02,H02,,SER_S1#H02#2#236,wildebeest,-2.3333,34.8333,unknown,images\s1_h02_h02_r2_s1_h02_r2_pict0706.jpg
S1/R10/R10_R1/S1_R10_R1_PICT1447,S1/R10/R10_R1/S1_R10_R1_PICT1447.JPG,s1_r10_r10_r1_s1_r10_r1_pict1447.jpg,R10,R10,,SER_S1#R10#1#483,wildebeest,-2.3333,34.8333,unknown,images\s1_r10_r10_r1_s1_r10_r1_pict1447.jpg
S1/G07/G07_R1/S1_G07_R1_PICT0042,S1/G07/G07_R1/S1_G07_R1_PICT0042.JPG,s1_g07_g07_r1_s1_g07_r1_pict0042.jpg,G07,G07,,SER_S1#G07#1#42,elephant,-2.3333,34.8333,unknown,images\s1_g07_g07_r1_s1_g07_r1_pict0042.jpg
S1/I07/I07_R1/S1_I07_R1_PICT2199,S1/I07/I07_R1/S1_I07_R1_PICT2199.JPG,s1_i07_i07_r1_s1_i07_r1_pict2199.jpg,I07,I07,,SER_S1#I07#1#734,elephant,-2.3333,34.8333,unknown,images\s1_i07_i07_r1_s1_i07_r1_pict2199.jpg
S1/G01/G01_R1/S1_G01_R1_PICT0141,S1/G01/G01_R1/S1_G01_R1_PICT0141.JPG,s1_g01_g01_r1_s1_g01_r1_pict0141.jpg,G01,G01,,SER_S1#G01#1#48,elephant,-2.3333,34.8333,unknown,images\s1_g01_g01_r1_s1_g01_r1_pict0141.jpg
S1/G07/G07_R2/S1_G07_R2_PICT0605,S1/G07/G07_R2/S1_G07_R2_PICT0605.JPG,s1_g07_g07_r2_s1_g07_r2_pict0605.jpg,G07,G07,,SER_S1#G07#2#203,elephant,-2.3333,34.8333,unknown,images\s1_g07_g07_r2_s1_g07_r2_pict0605.jpg
S1/L07/L07_R1/S1_L07_R1_PICT0360,S1/L07/L07_R1/S1_L07_R1_PICT0360.JPG,s1_l07_l07_r1_s1_l07_r1_pict0360.jpg,L07,L07,,SER_S1#L07#1#121,elephant,-2.3333,34.8333,unknown,images\s1_l07_l07_r1_s1_l07_r1_pict0360.jpg
S1/D02/D02_R1/S1_D02_R1_PICT1842,S1/D02/D02_R1/S1_D02_R1_PICT1842.JPG,s1_d02_d02_r1_s1_d02_r1_pict1842.jpg,D02,D02,,SER_S1#D02#1#613,elephant,-2.3333,34.8333,unknown,images\s1_d02_d02_r1_s1_d02_r1_pict1842.jpg
S1/O05/O05_R1/S1_O05_R1_PICT5633,S1/O05/O05_R1/S1_O05_R1_PICT5633.JPG,s1_o05_o05_r1_s1_o05_r1_pict5633.jpg,O05,O05,,SER_S1#O05#1#1694,elephant,-2.3333,34.8333,unknown,images\s1_o05_o05_r1_s1_o05_r1_pict5633.jpg
S1/O05/O05_R1/S1_O05_R1_PICT6181,S1/O05/O05_R1/S1_O05_R1_PICT6181.JPG,s1_o05_o05_r1_s1_o05_r1_pict6181.jpg,O05,O05,,SER_S1#O05#1#1876,elephant,-2.3333,34.8333,unknown,images\s1_o05_o05_r1_s1_o05_r1_pict6181.jpg
S1/F12/F12_R1/S1_F12_R1_PICT1441,S1/F12/F12_R1/S1_F12_R1_PICT1441.JPG,s1_f12_f12_r1_s1_f12_r1_pict1441.jpg,F12,F12,,SER_S1#F12#1#481,elephant,-2.3333,34.8333,unknown,images\s1_f12_f12_r1_s1_f12_r1_pict1441.jpg
S1/I08/I08_R1/S1_I08_R1_PICT0252,S1/I08/I08_R1/S1_I08_R1_PICT0252.JPG,s1_i08_i08_r1_s1_i08_r1_pict0252.jpg,I08,I08,,SER_S1#I08#1#85,elephant,-2.3333,34.8333,unknown,images\s1_i08_i08_r1_s1_i08_r1_pict0252.jpg
S1/E06/E06_R4/S1_E06_R4_PICT1152,S1/E06/E06_R4/S1_E06_R4_PICT1152.JPG,s1_e06_e06_r4_s1_e06_r4_pict1152.jpg,E06,E06,,SER_S1#E06#4#385,elephant,-2.3062,34.9027,kopje,images\s1_e06_e06_r4_s1_e06_r4_pict1152.jpg
S1/D06/D06_R1/S1_D06_R1_PICT1875,S1/D06/D06_R1/S1_D06_R1_PICT1875.JPG,s1_d06_d06_r1_s1_d06_r1_pict1875.jpg,D06,D06,,SER_S1#D06#1#1875,elephant,-2.2562,34.9027,kopje,images\s1_d06_d06_r1_s1_d06_r1_pict1875.jpg
S1/I07/I07_R1/S1_I07_R1_PICT1676,S1/I07/I07_R1/S1_I07_R1_PICT1676.JPG,s1_i07_i07_r1_s1_i07_r1_pict1676.jpg,I07,I07,,SER_S1#I07#1#560,elephant,-2.3333,34.8333,unknown,images\s1_i07_i07_r1_s1_i07_r1_pict1676.jpg
S1/L07/L07_R1/S1_L07_R1_PICT0355,S1/L07/L07_R1/S1_L07_R1_PICT0355.JPG,s1_l07_l07_r1_s1_l07_r1_pict0355.jpg,L07,L07,,SER_S1#L07#1#119,elephant,-2.3333,34.8333,unknown,images\s1_l07_l07_r1_s1_l07_r1_pict0355.jpg
S1/H08/H08_R1/S1_H08_R1_PICT0119,S1/H08/H08_R1/S1_H08_R1_PICT0119.JPG,s1_h08_h08_r1_s1_h08_r1_pict0119.jpg,H08,H08,,SER_S1#H08#1#41,elephant,-2.3333,34.8333,unknown,images\s1_h08_h08_r1_s1_h08_r1_pict0119.jpg
S1/H08/H08_R1/S1_H08_R1_PICT0391,S1/H08/H08_R1/S1_H08_R1_PICT0391.JPG,s1_h08_h08_r1_s1_h08_r1_pict0391.jpg,H08,H08,,SER_S1#H08#1#131,elephant,-2.3333,34.8333,unknown,images\s1_h08_h08_r1_s1_h08_r1_pict0391.jpg
S1/D07/D07_R3/S1_D07_R3_PICT0262,S1/D07/D07_R3/S1_D07_R3_PICT0262.JPG,s1_d07_d07_r3_s1_d07_r3_pict0262.jpg,D07,D07,,SER_S1#D07#3#88,elephant,-2.2562,34.9527,woodland,images\s1_d07_d07_r3_s1_d07_r3_pict0262.jpg
S1/H03/H03_R2/S1_H03_R2_PICT0088,S1/H03/H03_R2/S1_H03_R2_PICT0088.JPG,s1_h03_h03_r2_s1_h03_r2_pict0088.jpg,H03,H03,,SER_S1#H03#2#30,elephant,-2.3333,34.8333,unknown,images\s1_h03_h03_r2_s1_h03_r2_pict0088.jpg
S1/K07/K07_R1/S1_K07_R1_PICT0271,S1/K07/K07_R1/S1_K07_R1_PICT0271.JPG,s1_k07_k07_r1_s1_k07_r1_pict0271.jpg,K07,K07,,SER_S1#K07#1#91,elephant,-2.3333,34.8333,unknown,images\s1_k07_k07_r1_s1_k07_r1_pict0271.jpg
S1/D07/D07_R3/S1_D07_R3_PICT0257,S1/D07/D07_R3/S1_D07_R3_PICT0257.JPG,s1_d07_d07_r3_s1_d07_r3_pict0257.jpg,D07,D07,,SER_S1#D07#3#87,elephant,-2.2562,34.9527,woodland,images\s1_d07_d07_r3_s1_d07_r3_pict0257.jpg
S1/I07/I07_R1/S1_I07_R1_PICT1986,S1/I07/I07_R1/S1_I07_R1_PICT1986.JPG,s1_i07_i07_r1_s1_i07_r1_pict1986.jpg,I07,I07,,SER_S1#I07#1#663,elephant,-2.3333,34.8333,unknown,images\s1_i07_i07_r1_s1_i07_r1_pict1986.jpg
S1/M04/M04_R1/S1_M04_R1_PICT0038,S1/M04/M04_R1/S1_M04_R1_PICT0038.JPG,s1_m04_m04_r1_s1_m04_r1_pict0038.jpg,M04,M04,,SER_S1#M04#1#14,elephant,-2.3333,34.8333,unknown,images\s1_m04_m04_r1_s1_m04_r1_pict0038.jpg
S1/D05/D05_R1/S1_D05_R1_PICT0006,S1/D05/D05_R1/S1_D05_R1_PICT0006.JPG,s1_d05_d05_r1_s1_d05_r1_pict0006.jpg,D05,D05,,SER_S1#D05#1#6,elephant,-2.2562,34.8527,open_grassland,images\s1_d05_d05_r1_s1_d05_r1_pict0006.jpg
S1/F12/F12_R1/S1_F12_R1_PICT0516,S1/F12/F12_R1/S1_F12_R1_PICT0516.JPG,s1_f12_f12_r1_s1_f12_r1_pict0516.jpg,F12,F12,,SER_S1#F12#1#173,elephant,-2.3333,34.8333,unknown,images\s1_f12_f12_r1_s1_f12_r1_pict0516.jpg
S1/K10/K10_R1/S1_K10_R1_PICT0326,S1/K10/K10_R1/S1_K10_R1_PICT0326.JPG,s1_k10_k10_r1_s1_k10_r1_pict0326.jpg,K10,K10,,SER_S1#K10#1#110,elephant,-2.3333,34.8333,unknown,images\s1_k10_k10_r1_s1_k10_r1_pict0326.jpg
S1/H08/H08_R1/S1_H08_R1_PICT0022,S1/H08/H08_R1/S1_H08_R1_PICT0022.JPG,s1_h08_h08_r1_s1_h08_r1_pict0022.jpg,H08,H08,,SER_S1#H08#1#8,elephant,-2.3333,34.8333,unknown,images\s1_h08_h08_r1_s1_h08_r1_pict0022.jpg
S1/H08/H08_R1/S1_H08_R1_PICT0332,S1/H08/H08_R1/S1_H08_R1_PICT0332.JPG,s1_h08_h08_r1_s1_h08_r1_pict0332.jpg,H08,H08,,SER_S1#H08#1#112,elephant,-2.3333,34.8333,unknown,images\s1_h08_h08_r1_s1_h08_r1_pict0332.jpg
S1/F08/F08_R3/S1_F08_R3_PICT2534,S1/F08/F08_R3/S1_F08_R3_PICT2534.JPG,s1_f08_f08_r3_s1_f08_r3_pict2534.jpg,F08,F08,,SER_S1#F08#3#847,elephant,-2.3333,34.8333,unknown,images\s1_f08_f08_r3_s1_f08_r3_pict2534.jpg
S1/D07/D07_R3/S1_D07_R3_PICT0087,S1/D07/D07_R3/S1_D07_R3_PICT0087.JPG,s1_d07_d07_r3_s1_d07_r3_pict0087.jpg,D07,D07,,SER_S1#D07#3#30,elephant,-2.2562,34.9527,woodland,images\s1_d07_d07_r3_s1_d07_r3_pict0087.jpg
S1/E02/E02_R3/S1_E02_R3_PICT0147,S1/E02/E02_R3/S1_E02_R3_PICT0147.JPG,s1_e02_e02_r3_s1_e02_r3_pict0147.jpg,E02,E02,,SER_S1#E02#3#50,elephant,-2.3333,34.8333,unknown,images\s1_e02_e02_r3_s1_e02_r3_pict0147.jpg
S1/G07/G07_R1/S1_G07_R1_PICT0024,S1/G07/G07_R1/S1_G07_R1_PICT0024.JPG,s1_g07_g07_r1_s1_g07_r1_pict0024.jpg,G07,G07,,SER_S1#G07#1#24,elephant,-2.3333,34.8333,unknown,images\s1_g07_g07_r1_s1_g07_r1_pict0024.jpg
S1/H08/H08_R1/S1_H08_R1_PICT0416,S1/H08/H08_R1/S1_H08_R1_PICT0416.JPG,s1_h08_h08_r1_s1_h08_r1_pict0416.jpg,H08,H08,,SER_S1#H08#1#140,elephant,-2.3333,34.8333,unknown,images\s1_h08_h08_r1_s1_h08_r1_pict0416.jpg
S1/G12/G12_R1/S1_G12_R1_PICT5417,S1/G12/G12_R1/S1_G12_R1_PICT5417.JPG,s1_g12_g12_r1_s1_g12_r1_pict5417.jpg,G12,G12,,SER_S1#G12#1#1807,elephant,-2.3333,34.8333,unknown,images\s1_g12_g12_r1_s1_g12_r1_pict5417.jpg
S1/F08/F08_R3/S1_F08_R3_PICT2806,S1/F08/F08_R3/S1_F08_R3_PICT2806.JPG,s1_f08_f08_r3_s1_f08_r3_pict2806.jpg,F08,F08,,SER_S1#F08#3#937,elephant,-2.3333,34.8333,unknown,images\s1_f08_f08_r3_s1_f08_r3_pict2806.jpg
S1/J09/J09_R1/S1_J09_R1_PICT0212,S1/J09/J09_R1/S1_J09_R1_PICT0212.JPG,s1_j09_j09_r1_s1_j09_r1_pict0212.jpg,J09,J09,,SER_S1#J09#1#71,elephant,-2.3333,34.8333,unknown,images\s1_j09_j09_r1_s1_j09_r1_pict0212.jpg
S1/K10/K10_R1/S1_K10_R1_PICT0465,S1/K10/K10_R1/S1_K10_R1_PICT0465.JPG,s1_k10_k10_r1_s1_k10_r1_pict0465.jpg,K10,K10,,SER_S1#K10#1#156,elephant,-2.3333,34.8333,unknown,images\s1_k10_k10_r1_s1_k10_r1_pict0465.jpg
S1/F09/F09_R3/S1_F09_R3_PICT1352,S1/F09/F09_R3/S1_F09_R3_PICT1352.JPG,s1_f09_f09_r3_s1_f09_r3_pict1352.jpg,F09,F09,,SER_S1#F09#3#453,elephant,-2.3333,34.8333,unknown,images\s1_f09_f09_r3_s1_f09_r3_pict1352.jpg
S1/I07/I07_R1/S1_I07_R1_PICT2053,S1/I07/I07_R1/S1_I07_R1_PICT2053.JPG,s1_i07_i07_r1_s1_i07_r1_pict2053.jpg,I07,I07,,SER_S1#I07#1#686,elephant,-2.3333,34.8333,unknown,images\s1_i07_i07_r1_s1_i07_r1_pict2053.jpg
S1/I09/I09_R1/S1_I09_R1_PICT0872,S1/I09/I09_R1/S1_I09_R1_PICT0872.JPG,s1_i09_i09_r1_s1_i09_r1_pict0872.jpg,I09,I09,,SER_S1#I09#1#294,elephant,-2.3333,34.8333,unknown,images\s1_i09_i09_r1_s1_i09_r1_pict0872.jpg
S1/G12/G12_R1/S1_G12_R1_PICT5396,S1/G12/G12_R1/S1_G12_R1_PICT5396.JPG,s1_g12_g12_r1_s1_g12_r1_pict5396.jpg,G12,G12,,SER_S1#G12#1#1800,elephant,-2.3333,34.8333,unknown,images\s1_g12_g12_r1_s1_g12_r1_pict5396.jpg
S1/D06/D06_R1/S1_D06_R1_PICT1874,S1/D06/D06_R1/S1_D06_R1_PICT1874.JPG,s1_d06_d06_r1_s1_d06_r1_pict1874.jpg,D06,D06,,SER_S1#D06#1#1874,elephant,-2.2562,34.9027,kopje,images\s1_d06_d06_r1_s1_d06_r1_pict1874.jpg
S1/F05/F05_R2/S1_F05_R2_PICT0333,S1/F05/F05_R2/S1_F05_R2_PICT0333.JPG,s1_f05_f05_r2_s1_f05_r2_pict0333.jpg,F05,F05,,SER_S1#F05#2#111,elephant,-2.3562,34.8527,woodland,images\s1_f05_f05_r2_s1_f05_r2_pict0333.jpg
S1/F12/F12_R1/S1_F12_R1_PICT0451,S1/F12/F12_R1/S1_F12_R1_PICT0451.JPG,s1_f12_f12_r1_s1_f12_r1_pict0451.jpg,F12,F12,,SER_S1#F12#1#151,elephant,-2.3333,34.8333,unknown,images\s1_f12_f12_r1_s1_f12_r1_pict0451.jpg
S1/H02/H02_R2/S1_H02_R2_PICT0257,S1/H02/H02_R2/S1_H02_R2_PICT0257.JPG,s1_h02_h02_r2_s1_h02_r2_pict0257.jpg,H02,H02,,SER_S1#H02#2#86,elephant,-2.3333,34.8333,unknown,images\s1_h02_h02_r2_s1_h02_r2_pict0257.jpg
S1/I08/I08_R1/S1_I08_R1_PICT0253,S1/I08/I08_R1/S1_I08_R1_PICT0253.JPG,s1_i08_i08_r1_s1_i08_r1_pict0253.jpg,I08,I08,,SER_S1#I08#1#85,elephant,-2.3333,34.8333,unknown,images\s1_i08_i08_r1_s1_i08_r1_pict0253.jpg
S1/F06/F06_R3/S1_F06_R3_PICT0132,S1/F06/F06_R3/S1_F06_R3_PICT0132.JPG,s1_f06_f06_r3_s1_f06_r3_pict0132.jpg,F06,F06,,SER_S1#F06#3#45,elephant,-2.3562,34.9027,woodland,images\s1_f06_f06_r3_s1_f06_r3_pict0132.jpg
S1/B05/B05_R1/S1_B05_R1_PICT0056,S1/B05/B05_R1/S1_B05_R1_PICT0056.JPG,s1_b05_b05_r1_s1_b05_r1_pict0056.jpg,B05,B05,,SER_S1#B05#1#29,elephant,-2.1562,34.8527,open_grassland,images\s1_b05_b05_r1_s1_b05_r1_pict0056.jpg
S1/K10/K10_R1/S1_K10_R1_PICT0463,S1/K10/K10_R1/S1_K10_R1_PICT0463.JPG,s1_k10_k10_r1_s1_k10_r1_pict0463.jpg,K10,K10,,SER_S1#K10#1#155,elephant,-2.3333,34.8333,unknown,images\s1_k10_k10_r1_s1_k10_r1_pict0463.jpg
S1/K08/K08_R1/S1_K08_R1_PICT0149,S1/K08/K08_R1/S1_K08_R1_PICT0149.JPG,s1_k08_k08_r1_s1_k08_r1_pict0149.jpg,K08,K08,,SER_S1#K08#1#51,elephant,-2.3333,34.8333,unknown,images\s1_k08_k08_r1_s1_k08_r1_pict0149.jpg
S1/B05/B05_R3/S1_B05_R3_PICT0057,S1/B05/B05_R3/S1_B05_R3_PICT0057.JPG,s1_b05_b05_r3_s1_b05_r3_pict0057.jpg,B05,B05,,SER_S1#B05#3#20,elephant,-2.1562,34.8527,open_grassland,images\s1_b05_b05_r3_s1_b05_r3_pict0057.jpg
S1/E06/E06_R4/S1_E06_R4_PICT1150,S1/E06/E06_R4/S1_E06_R4_PICT1150.JPG,s1_e06_e06_r4_s1_e06_r4_pict1150.jpg,E06,E06,,SER_S1#E06#4#384,leopard,-2.3062,34.9027,kopje,images\s1_e06_e06_r4_s1_e06_r4_pict1150.jpg
S1/F12/F12_R1/S1_F12_R1_PICT0650,S1/F12/F12_R1/S1_F12_R1_PICT0650.JPG,s1_f12_f12_r1_s1_f12_r1_pict0650.jpg,F12,F12,,SER_S1#F12#1#218,leopard,-2.3333,34.8333,unknown,images\s1_f12_f12_r1_s1_f12_r1_pict0650.jpg
S1/T09/T09_R1/S1_T09_R1_PICT0126,S1/T09/T09_R1/S1_T09_R1_PICT0126.JPG,s1_t09_t09_r1_s1_t09_r1_pict0126.jpg,T09,T09,,SER_S1#T09#1#43,leopard,-2.3333,34.8333,unknown,images\s1_t09_t09_r1_s1_t09_r1_pict0126.jpg
S1/H06/H06_R4/S1_H06_R4_PICT1328,S1/H06/H06_R4/S1_H06_R4_PICT1328.JPG,s1_h06_h06_r4_s1_h06_r4_pict1328.jpg,H06,H06,,SER_S1#H06#4#444,leopard,-2.3333,34.8333,unknown,images\s1_h06_h06_r4_s1_h06_r4_pict1328.jpg
S1/H06/H06_R3/S1_H06_R3_PICT0381,S1/H06/H06_R3/S1_H06_R3_PICT0381.JPG,s1_h06_h06_r3_s1_h06_r3_pict0381.jpg,H06,H06,,SER_S1#H06#3#128,leopard,-2.3333,34.8333,unknown,images\s1_h06_h06_r3_s1_h06_r3_pict0381.jpg
S1/H06/H06_R4/S1_H06_R4_PICT1330,S1/H06/H06_R4/S1_H06_R4_PICT1330.JPG,s1_h06_h06_r4_s1_h06_r4_pict1330.jpg,H06,H06,,SER_S1#H06#4#444,leopard,-2.3333,34.8333,unknown,images\s1_h06_h06_r4_s1_h06_r4_pict1330.jpg
S1/E06/E06_R4/S1_E06_R4_PICT1288,S1/E06/E06_R4/S1_E06_R4_PICT1288.JPG,s1_e06_e06_r4_s1_e06_r4_pict1288.jpg,E06,E06,,SER_S1#E06#4#430,leopard,-2.3062,34.9027,kopje,images\s1_e06_e06_r4_s1_e06_r4_pict1288.jpg
S1/H06/H06_R3/S1_H06_R3_PICT0380,S1/H06/H06_R3/S1_H06_R3_PICT0380.JPG,s1_h06_h06_r3_s1_h06_r3_pict0380.jpg,H06,H06,,SER_S1#H06#3#128,leopard,-2.3333,34.8333,unknown,images\s1_h06_h06_r3_s1_h06_r3_pict0380.jpg
S1/F12/F12_R1/S1_F12_R1_PICT0651,S1/F12/F12_R1/S1_F12_R1_PICT0651.JPG,s1_f12_f12_r1_s1_f12_r1_pict0651.jpg,F12,F12,,SER_S1#F12#1#218,leopard,-2.3333,34.8333,unknown,images\s1_f12_f12_r1_s1_f12_r1_pict0651.jpg
S1/T09/T09_R1/S1_T09_R1_PICT0125,S1/T09/T09_R1/S1_T09_R1_PICT0125.JPG,s1_t09_t09_r1_s1_t09_r1_pict0125.jpg,T09,T09,,SER_S1#T09#1#43,leopard,-2.3333,34.8333,unknown,images\s1_t09_t09_r1_s1_t09_r1_pict0125.jpg
S1/H11/H11_R1/S1_H11_R1_PICT5802,S1/H11/H11_R1/S1_H11_R1_PICT5802.JPG,s1_h11_h11_r1_s1_h11_r1_pict5802.jpg,H11,H11,,SER_S1#H11#1#1935,leopard,-2.3333,34.8333,unknown,images\s1_h11_h11_r1_s1_h11_r1_pict5802.jpg
S1/P07/P07_R1/S1_P07_R1_PICT0834,S1/P07/P07_R1/S1_P07_R1_PICT0834.JPG,s1_p07_p07_r1_s1_p07_r1_pict0834.jpg,P07,P07,,SER_S1#P07#1#279,leopard,-2.3333,34.8333,unknown,images\s1_p07_p07_r1_s1_p07_r1_pict0834.jpg
S1/E06/E06_R4/S1_E06_R4_PICT1286,S1/E06/E06_R4/S1_E06_R4_PICT1286.JPG,s1_e06_e06_r4_s1_e06_r4_pict1286.jpg,E06,E06,,SER_S1#E06#4#430,leopard,-2.3062,34.9027,kopje,images\s1_e06_e06_r4_s1_e06_r4_pict1286.jpg
S1/H06/H06_R3/S1_H06_R3_PICT0382,S1/H06/H06_R3/S1_H06_R3_PICT0382.JPG,s1_h06_h06_r3_s1_h06_r3_pict0382.jpg,H06,H06,,SER_S1#H06#3#128,leopard,-2.3333,34.8333,unknown,images\s1_h06_h06_r3_s1_h06_r3_pict0382.jpg
S1/H06/H06_R4/S1_H06_R4_PICT1296,S1/H06/H06_R4/S1_H06_R4_PICT1296.JPG,s1_h06_h06_r4_s1_h06_r4_pict1296.jpg,H06,H06,,SER_S1#H06#4#433,leopard,-2.3333,34.8333,unknown,images\s1_h06_h06_r4_s1_h06_r4_pict1296.jpg
S1/P07/P07_R1/S1_P07_R1_PICT1062,S1/P07/P07_R1/S1_P07_R1_PICT1062.JPG,s1_p07_p07_r1_s1_p07_r1_pict1062.jpg,P07,P07,,SER_S1#P07#1#355,leopard,-2.3333,34.8333,unknown,images\s1_p07_p07_r1_s1_p07_r1_pict1062.jpg
S1/H11/H11_R1/S1_H11_R1_PICT5801,S1/H11/H11_R1/S1_H11_R1_PICT5801.JPG,s1_h11_h11_r1_s1_h11_r1_pict5801.jpg,H11,H11,,SER_S1#H11#1#1935,leopard,-2.3333,34.8333,unknown,images\s1_h11_h11_r1_s1_h11_r1_pict5801.jpg
S1/H06/H06_R4/S1_H06_R4_PICT1295,S1/H06/H06_R4/S1_H06_R4_PICT1295.JPG,s1_h06_h06_r4_s1_h06_r4_pict1295.jpg,H06,H06,,SER_S1#H06#4#433,leopard,-2.3333,34.8333,unknown,images\s1_h06_h06_r4_s1_h06_r4_pict1295.jpg
S1/E06/E06_R4/S1_E06_R4_PICT1287,S1/E06/E06_R4/S1_E06_R4_PICT1287.JPG,s1_e06_e06_r4_s1_e06_r4_pict1287.jpg,E06,E06,,SER_S1#E06#4#430,leopard,-2.3062,34.9027,kopje,images\s1_e06_e06_r4_s1_e06_r4_pict1287.jpg
S1/F12/F12_R1/S1_F12_R1_PICT0652,S1/F12/F12_R1/S1_F12_R1_PICT0652.JPG,s1_f12_f12_r1_s1_f12_r1_pict0652.jpg,F12,F12,,SER_S1#F12#1#218,leopard,-2.3333,34.8333,unknown,images\s1_f12_f12_r1_s1_f12_r1_pict0652.jpg
S1/H06/H06_R4/S1_H06_R4_PICT1297,S1/H06/H06_R4/S1_H06_R4_PICT1297.JPG,s1_h06_h06_r4_s1_h06_r4_pict1297.jpg,H06,H06,,SER_S1#H06#4#433,leopard,-2.3333,34.8333,unknown,images\s1_h06_h06_r4_s1_h06_r4_pict1297.jpg
S1/D06/D06_R2/S1_D06_R2_PICT1538,S1/D06/D06_R2/S1_D06_R2_PICT1538.JPG,s1_d06_d06_r2_s1_d06_r2_pict1538.jpg,D06,D06,,SER_S1#D06#2#514,leopard,-2.2562,34.9027,kopje,images\s1_d06_d06_r2_s1_d06_r2_pict1538.jpg
S1/P07/P07_R1/S1_P07_R1_PICT0835,S1/P07/P07_R1/S1_P07_R1_PICT0835.JPG,s1_p07_p07_r1_s1_p07_r1_pict0835.jpg,P07,P07,,SER_S1#P07#1#279,leopard,-2.3333,34.8333,unknown,images\s1_p07_p07_r1_s1_p07_r1_pict0835.jpg
S1/E06/E06_R4/S1_E06_R4_PICT1212,S1/E06/E06_R4/S1_E06_R4_PICT1212.JPG,s1_e06_e06_r4_s1_e06_r4_pict1212.jpg,E06,E06,,SER_S1#E06#4#405,leopard,-2.3062,34.9027,kopje,images\s1_e06_e06_r4_s1_e06_r4_pict1212.jpg
S1/P07/P07_R1/S1_P07_R1_PICT0833,S1/P07/P07_R1/S1_P07_R1_PICT0833.JPG,s1_p07_p07_r1_s1_p07_r1_pict0833.jpg,P07,P07,,SER_S1#P07#1#279,leopard,-2.3333,34.8333,unknown,images\s1_p07_p07_r1_s1_p07_r1_pict0833.jpg
S1/E06/E06_R4/S1_E06_R4_PICT1213,S1/E06/E06_R4/S1_E06_R4_PICT1213.JPG,s1_e06_e06_r4_s1_e06_r4_pict1213.jpg,E06,E06,,SER_S1#E06#4#405,leopard,-2.3062,34.9027,kopje,images\s1_e06_e06_r4_s1_e06_r4_pict1213.jpg
S1/G03/G03_R1/S1_G03_R1_PICT0012,S1/G03/G03_R1/S1_G03_R1_PICT0012.JPG,s1_g03_g03_r1_s1_g03_r1_pict0012.jpg,G03,G03,,SER_S1#G03#1#12,leopard,-2.3333,34.8333,unknown,images\s1_g03_g03_r1_s1_g03_r1_pict0012.jpg
S1/D06/D06_R2/S1_D06_R2_PICT1540,S1/D06/D06_R2/S1_D06_R2_PICT1540.JPG,s1_d06_d06_r2_s1_d06_r2_pict1540.jpg,D06,D06,,SER_S1#D06#2#514,leopard,-2.2562,34.9027,kopje,images\s1_d06_d06_r2_s1_d06_r2_pict1540.jpg
S1/D06/D06_R2/S1_D06_R2_PICT1539,S1/D06/D06_R2/S1_D06_R2_PICT1539.JPG,s1_d06_d06_r2_s1_d06_r2_pict1539.jpg,D06,D06,,SER_S1#D06#2#514,leopard,-2.2562,34.9027,kopje,images\s1_d06_d06_r2_s1_d06_r2_pict1539.jpg
S1/E06/E06_R4/S1_E06_R4_PICT1149,S1/E06/E06_R4/S1_E06_R4_PICT1149.JPG,s1_e06_e06_r4_s1_e06_r4_pict1149.jpg,E06,E06,,SER_S1#E06#4#384,leopard,-2.3062,34.9027,kopje,images\s1_e06_e06_r4_s1_e06_r4_pict1149.jpg
S1/E06/E06_R4/S1_E06_R4_PICT1211,S1/E06/E06_R4/S1_E06_R4_PICT1211.JPG,s1_e06_e06_r4_s1_e06_r4_pict1211.jpg,E06,E06,,SER_S1#E06#4#405,leopard,-2.3062,34.9027,kopje,images\s1_e06_e06_r4_s1_e06_r4_pict1211.jpg
S1/T09/T09_R1/S1_T09_R1_PICT0127,S1/T09/T09_R1/S1_T09_R1_PICT0127.JPG,s1_t09_t09_r1_s1_t09_r1_pict0127.jpg,T09,T09,,SER_S1#T09#1#43,leopard,-2.3333,34.8333,unknown,images\s1_t09_t09_r1_s1_t09_r1_pict0127.jpg
S1/H11/H11_R1/S1_H11_R1_PICT5803,S1/H11/H11_R1/S1_H11_R1_PICT5803.JPG,s1_h11_h11_r1_s1_h11_r1_pict5803.jpg,H11,H11,,SER_S1#H11#1#1935,leopard,-2.3333,34.8333,unknown,images\s1_h11_h11_r1_s1_h11_r1_pict5803.jpg
S1/H06/H06_R4/S1_H06_R4_PICT1329,S1/H06/H06_R4/S1_H06_R4_PICT1329.JPG,s1_h06_h06_r4_s1_h06_r4_pict1329.jpg,H06,H06,,SER_S1#H06#4#444,leopard,-2.3333,34.8333,unknown,images\s1_h06_h06_r4_s1_h06_r4_pict1329.jpg
S1/P07/P07_R1/S1_P07_R1_PICT1061,S1/P07/P07_R1/S1_P07_R1_PICT1061.JPG,s1_p07_p07_r1_s1_p07_r1_pict1061.jpg,P07,P07,,SER_S1#P07#1#355,leopard,-2.3333,34.8333,unknown,images\s1_p07_p07_r1_s1_p07_r1_pict1061.jpg
S1/E06/E06_R4/S1_E06_R4_PICT1148,S1/E06/E06_R4/S1_E06_R4_PICT1148.JPG,s1_e06_e06_r4_s1_e06_r4_pict1148.jpg,E06,E06,,SER_S1#E06#4#384,leopard,-2.3062,34.9027,kopje,images\s1_e06_e06_r4_s1_e06_r4_pict1148.jpg
S1/B06/B06_R1/S1_B06_R1_PICT0009,S1/B06/B06_R1/S1_B06_R1_PICT0009.JPG,s1_b06_b06_r1_s1_b06_r1_pict0009.jpg,B06,B06,,SER_S1#B06#1#9,leopard,-2.1562,34.9027,woodland,images\s1_b06_b06_r1_s1_b06_r1_pict0009.jpg
S1/P07/P07_R1/S1_P07_R1_PICT1063,S1/P07/P07_R1/S1_P07_R1_PICT1063.JPG,s1_p07_p07_r1_s1_p07_r1_pict1063.jpg,P07,P07,,SER_S1#P07#1#355,leopard,-2.3333,34.8333,unknown,images\s1_p07_p07_r1_s1_p07_r1_pict1063.jpg
S1/H02/H02_R1/S1_H02_R1_PICT1022,S1/H02/H02_R1/S1_H02_R1_PICT1022.JPG,s1_h02_h02_r1_s1_h02_r1_pict1022.jpg,H02,H02,,SER_S1#H02#1#342,zebra,-2.3333,34.8333,unknown,images\s1_h02_h02_r1_s1_h02_r1_pict1022.jpg
S1/J06/J06_R3/S1_J06_R3_PICT1748,S1/J06/J06_R3/S1_J06_R3_PICT1748.JPG,s1_j06_j06_r3_s1_j06_r3_pict1748.jpg,J06,J06,,SER_S1#J06#3#583,zebra,-2.3333,34.8333,unknown,images\s1_j06_j06_r3_s1_j06_r3_pict1748.jpg
S1/D05/D05_R5/S1_D05_R5_PICT0593,S1/D05/D05_R5/S1_D05_R5_PICT0593.JPG,s1_d05_d05_r5_s1_d05_r5_pict0593.jpg,D05,D05,,SER_S1#D05#5#199,zebra,-2.2562,34.8527,open_grassland,images\s1_d05_d05_r5_s1_d05_r5_pict0593.jpg
S1/G01/G01_R2/S1_G01_R2_PICT0020,S1/G01/G01_R2/S1_G01_R2_PICT0020.JPG,s1_g01_g01_r2_s1_g01_r2_pict0020.jpg,G01,G01,,SER_S1#G01#2#8,zebra,-2.3333,34.8333,unknown,images\s1_g01_g01_r2_s1_g01_r2_pict0020.jpg
S1/J06/J06_R3/S1_J06_R3_PICT2212,S1/J06/J06_R3/S1_J06_R3_PICT2212.JPG,s1_j06_j06_r3_s1_j06_r3_pict2212.jpg,J06,J06,,SER_S1#J06#3#738,zebra,-2.3333,34.8333,unknown,images\s1_j06_j06_r3_s1_j06_r3_pict2212.jpg
S1/C06/C06_R4/S1_C06_R4_PICT0169,S1/C06/C06_R4/S1_C06_R4_PICT0169.JPG,s1_c06_c06_r4_s1_c06_r4_pict0169.jpg,C06,C06,,SER_S1#C06#4#57,zebra,-2.2062,34.9027,riverine,images\s1_c06_c06_r4_s1_c06_r4_pict0169.jpg
S1/D02/D02_R1/S1_D02_R1_PICT1337,S1/D02/D02_R1/S1_D02_R1_PICT1337.JPG,s1_d02_d02_r1_s1_d02_r1_pict1337.jpg,D02,D02,,SER_S1#D02#1#445,zebra,-2.3333,34.8333,unknown,images\s1_d02_d02_r1_s1_d02_r1_pict1337.jpg
S1/R10/R10_R2/S1_R10_R2_PICT0388,S1/R10/R10_R2/S1_R10_R2_PICT0388.JPG,s1_r10_r10_r2_s1_r10_r2_pict0388.jpg,R10,R10,,SER_S1#R10#2#130,zebra,-2.3333,34.8333,unknown,images\s1_r10_r10_r2_s1_r10_r2_pict0388.jpg
S1/H01/H01_R1/S1_H01_R1_PICT2052,S1/H01/H01_R1/S1_H01_R1_PICT2052.JPG,s1_h01_h01_r1_s1_h01_r1_pict2052.jpg,H01,H01,,SER_S1#H01#1#685,zebra,-2.3333,34.8333,unknown,images\s1_h01_h01_r1_s1_h01_r1_pict2052.jpg
S1/M04/M04_R1/S1_M04_R1_PICT0112,S1/M04/M04_R1/S1_M04_R1_PICT0112.JPG,s1_m04_m04_r1_s1_m04_r1_pict0112.jpg,M04,M04,,SER_S1#M04#1#38,zebra,-2.3333,34.8333,unknown,images\s1_m04_m04_r1_s1_m04_r1_pict0112.jpg
S1/C03/C03_R5/S1_C03_R5_PICT2842,S1/C03/C03_R5/S1_C03_R5_PICT2842.JPG,s1_c03_c03_r5_s1_c03_r5_pict2842.jpg,C03,C03,,SER_S1#C03#5#948,zebra,-2.3333,34.8333,unknown,images\s1_c03_c03_r5_s1_c03_r5_pict2842.jpg
S1/B07/B07_R1/S1_B07_R1_PICT0031,S1/B07/B07_R1/S1_B07_R1_PICT0031.JPG,s1_b07_b07_r1_s1_b07_r1_pict0031.jpg,B07,B07,,SER_S1#B07#1#11,zebra,-2.1562,34.9527,woodland,images\s1_b07_b07_r1_s1_b07_r1_pict0031.jpg
S1/B07/B07_R1/S1_B07_R1_PICT1257,S1/B07/B07_R1/S1_B07_R1_PICT1257.JPG,s1_b07_b07_r1_s1_b07_r1_pict1257.jpg,B07,B07,,SER_S1#B07#1#420,zebra,-2.1562,34.9527,woodland,images\s1_b07_b07_r1_s1_b07_r1_pict1257.jpg
S1/F04/F04_R2/S1_F04_R2_PICT0829,S1/F04/F04_R2/S1_F04_R2_PICT0829.JPG,s1_f04_f04_r2_s1_f04_r2_pict0829.jpg,F04,F04,,SER_S1#F04#2#278,zebra,-2.3562,34.8027,open_grassland,images\s1_f04_f04_r2_s1_f04_r2_pict0829.jpg
S1/C06/C06_R4/S1_C06_R4_PICT0437,S1/C06/C06_R4/S1_C06_R4_PICT0437.JPG,s1_c06_c06_r4_s1_c06_r4_pict0437.jpg,C06,C06,,SER_S1#C06#4#147,zebra,-2.2062,34.9027,riverine,images\s1_c06_c06_r4_s1_c06_r4_pict0437.jpg
S1/C06/C06_R4/S1_C06_R4_PICT0383,S1/C06/C06_R4/S1_C06_R4_PICT0383.JPG,s1_c06_c06_r4_s1_c06_r4_pict0383.jpg,C06,C06,,SER_S1#C06#4#129,zebra,-2.2062,34.9027,riverine,images\s1_c06_c06_r4_s1_c06_r4_pict0383.jpg
S1/L03/L03_R1/S1_L03_R1_PICT0252,S1/L03/L03_R1/S1_L03_R1_PICT0252.JPG,s1_l03_l03_r1_s1_l03_r1_pict0252.jpg,L03,L03,,SER_S1#L03#1#85,zebra,-2.3333,34.8333,unknown,images\s1_l03_l03_r1_s1_l03_r1_pict0252.jpg
S1/L03/L03_R1/S1_L03_R1_PICT0412,S1/L03/L03_R1/S1_L03_R1_PICT0412.JPG,s1_l03_l03_r1_s1_l03_r1_pict0412.jpg,L03,L03,,SER_S1#L03#1#138,zebra,-2.3333,34.8333,unknown,images\s1_l03_l03_r1_s1_l03_r1_pict0412.jpg
S1/E05/E05_R4/S1_E05_R4_PICT1280,S1/E05/E05_R4/S1_E05_R4_PICT1280.JPG,s1_e05_e05_r4_s1_e05_r4_pict1280.jpg,E05,E05,,SER_S1#E05#4#428,zebra,-2.3062,34.8527,open_grassland,images\s1_e05_e05_r4_s1_e05_r4_pict1280.jpg
S1/D02/D02_R1/S1_D02_R1_PICT1458,S1/D02/D02_R1/S1_D02_R1_PICT1458.JPG,s1_d02_d02_r1_s1_d02_r1_pict1458.jpg,D02,D02,,SER_S1#D02#1#485,zebra,-2.3333,34.8333,unknown,images\s1_d02_d02_r1_s1_d02_r1_pict1458.jpg
S1/B05/B05_R3/S1_B05_R3_PICT0351,S1/B05/B05_R3/S1_B05_R3_PICT0351.JPG,s1_b05_b05_r3_s1_b05_r3_pict0351.jpg,B05,B05,,SER_S1#B05#3#118,zebra,-2.1562,34.8527,open_grassland,images\s1_b05_b05_r3_s1_b05_r3_pict0351.jpg
S1/G03/G03_R4/S1_G03_R4_PICT2491,S1/G03/G03_R4/S1_G03_R4_PICT2491.JPG,s1_g03_g03_r4_s1_g03_r4_pict2491.jpg,G03,G03,,SER_S1#G03#4#831,zebra,-2.3333,34.8333,unknown,images\s1_g03_g03_r4_s1_g03_r4_pict2491.jpg
S1/L03/L03_R1/S1_L03_R1_PICT0280,S1/L03/L03_R1/S1_L03_R1_PICT0280.JPG,s1_l03_l03_r1_s1_l03_r1_pict0280.jpg,L03,L03,,SER_S1#L03#1#94,zebra,-2.3333,34.8333,unknown,images\s1_l03_l03_r1_s1_l03_r1_pict0280.jpg
S1/F05/F05_R2/S1_F05_R2_PICT2683,S1/F05/F05_R2/S1_F05_R2_PICT2683.JPG,s1_f05_f05_r2_s1_f05_r2_pict2683.jpg,F05,F05,,SER_S1#F05#2#895,zebra,-2.3562,34.8527,woodland,images\s1_f05_f05_r2_s1_f05_r2_pict2683.jpg
S1/N04/N04_R1/S1_N04_R1_PICT1421,S1/N04/N04_R1/S1_N04_R1_PICT1421.JPG,s1_n04_n04_r1_s1_n04_r1_pict1421.jpg,N04,N04,,SER_S1#N04#1#475,zebra,-2.3333,34.8333,unknown,images\s1_n04_n04_r1_s1_n04_r1_pict1421.jpg
S1/G01/G01_R2/S1_G01_R2_PICT0243,S1/G01/G01_R2/S1_G01_R2_PICT0243.JPG,s1_g01_g01_r2_s1_g01_r2_pict0243.jpg,G01,G01,,SER_S1#G01#2#82,zebra,-2.3333,34.8333,unknown,images\s1_g01_g01_r2_s1_g01_r2_pict0243.jpg
S1/J03/J03_R1/S1_J03_R1_PICT2134,S1/J03/J03_R1/S1_J03_R1_PICT2134.JPG,s1_j03_j03_r1_s1_j03_r1_pict2134.jpg,J03,J03,,SER_S1#J03#1#64,zebra,-2.3333,34.8333,unknown,images\s1_j03_j03_r1_s1_j03_r1_pict2134.jpg
S1/E04/E04_R5/S1_E04_R5_PICT0067,S1/E04/E04_R5/S1_E04_R5_PICT0067.JPG,s1_e04_e04_r5_s1_e04_r5_pict0067.jpg,E04,E04,,SER_S1#E04#5#23,zebra,-2.3062,34.8027,open_grassland,images\s1_e04_e04_r5_s1_e04_r5_pict0067.jpg
S1/G03/G03_R4/S1_G03_R4_PICT2500,S1/G03/G03_R4/S1_G03_R4_PICT2500.JPG,s1_g03_g03_r4_s1_g03_r4_pict2500.jpg,G03,G03,,SER_S1#G03#4#834,zebra,-2.3333,34.8333,unknown,images\s1_g03_g03_r4_s1_g03_r4_pict2500.jpg
S1/E02/E02_R5/S1_E02_R5_PICT0273,S1/E02/E02_R5/S1_E02_R5_PICT0273.JPG,s1_e02_e02_r5_s1_e02_r5_pict0273.jpg,E02,E02,,SER_S1#E02#5#92,zebra,-2.3333,34.8333,unknown,images\s1_e02_e02_r5_s1_e02_r5_pict0273.jpg
S1/L03/L03_R1/S1_L03_R1_PICT0224,S1/L03/L03_R1/S1_L03_R1_PICT0224.JPG,s1_l03_l03_r1_s1_l03_r1_pict0224.jpg,L03,L03,,SER_S1#L03#1#76,zebra,-2.3333,34.8333,unknown,images\s1_l03_l03_r1_s1_l03_r1_pict0224.jpg
S1/C06/C06_R4/S1_C06_R4_PICT0443,S1/C06/C06_R4/S1_C06_R4_PICT0443.JPG,s1_c06_c06_r4_s1_c06_r4_pict0443.jpg,C06,C06,,SER_S1#C06#4#149,zebra,-2.2062,34.9027,riverine,images\s1_c06_c06_r4_s1_c06_r4_pict0443.jpg
S1/H01/H01_R1/S1_H01_R1_PICT3288,S1/H01/H01_R1/S1_H01_R1_PICT3288.JPG,s1_h01_h01_r1_s1_h01_r1_pict3288.jpg,H01,H01,,SER_S1#H01#1#1097,zebra,-2.3333,34.8333,unknown,images\s1_h01_h01_r1_s1_h01_r1_pict3288.jpg
S1/D05/D05_R5/S1_D05_R5_PICT0526,S1/D05/D05_R5/S1_D05_R5_PICT0526.JPG,s1_d05_d05_r5_s1_d05_r5_pict0526.jpg,D05,D05,,SER_S1#D05#5#176,zebra,-2.2562,34.8527,open_grassland,images\s1_d05_d05_r5_s1_d05_r5_pict0526.jpg
S1/J06/J06_R3/S1_J06_R3_PICT2227,S1/J06/J06_R3/S1_J06_R3_PICT2227.JPG,s1_j06_j06_r3_s1_j06_r3_pict2227.jpg,J06,J06,,SER_S1#J06#3#743,zebra,-2.3333,34.8333,unknown,images\s1_j06_j06_r3_s1_j06_r3_pict2227.jpg
S1/M09/M09_R1/S1_M09_R1_PICT0109,S1/M09/M09_R1/S1_M09_R1_PICT0109.JPG,s1_m09_m09_r1_s1_m09_r1_pict0109.jpg,M09,M09,,SER_S1#M09#1#37,zebra,-2.3333,34.8333,unknown,images\s1_m09_m09_r1_s1_m09_r1_pict0109.jpg
S1/D02/D02_R1/S1_D02_R1_PICT1453,S1/D02/D02_R1/S1_D02_R1_PICT1453.JPG,s1_d02_d02_r1_s1_d02_r1_pict1453.jpg,D02,D02,,SER_S1#D02#1#483,zebra,-2.3333,34.8333,unknown,images\s1_d02_d02_r1_s1_d02_r1_pict1453.jpg
S1/C07/C07_R2/S1_C07_R2_PICT2268,S1/C07/C07_R2/S1_C07_R2_PICT2268.JPG,s1_c07_c07_r2_s1_c07_r2_pict2268.jpg,C07,C07,,SER_S1#C07#2#757,zebra,-2.2062,34.9527,riverine,images\s1_c07_c07_r2_s1_c07_r2_pict2268.jpg
S1/H05/H05_R2/S1_H05_R2_PICT1481,S1/H05/H05_R2/S1_H05_R2_PICT1481.JPG,s1_h05_h05_r2_s1_h05_r2_pict1481.jpg,H05,H05,,SER_S1#H05#2#494,zebra,-2.4562,34.8527,riverine,images\s1_h05_h05_r2_s1_h05_r2_pict1481.jpg
S1/G09/G09_R1/S1_G09_R1_PICT1604,S1/G09/G09_R1/S1_G09_R1_PICT1604.JPG,s1_g09_g09_r1_s1_g09_r1_pict1604.jpg,G09,G09,,SER_S1#G09#1#532,zebra,-2.3333,34.8333,unknown,images\s1_g09_g09_r1_s1_g09_r1_pict1604.jpg
S1/D02/D02_R1/S1_D02_R1_PICT1459,S1/D02/D02_R1/S1_D02_R1_PICT1459.JPG,s1_d02_d02_r1_s1_d02_r1_pict1459.jpg,D02,D02,,SER_S1#D02#1#485,zebra,-2.3333,34.8333,unknown,images\s1_d02_d02_r1_s1_d02_r1_pict1459.jpg
S1/C06/C06_R3/S1_C06_R3_PICT1414,S1/C06/C06_R3/S1_C06_R3_PICT1414.JPG,s1_c06_c06_r3_s1_c06_r3_pict1414.jpg,C06,C06,,SER_S1#C06#3#472,zebra,-2.2062,34.9027,riverine,images\s1_c06_c06_r3_s1_c06_r3_pict1414.jpg
S1/J06/J06_R3/S1_J06_R3_PICT0652,S1/J06/J06_R3/S1_J06_R3_PICT0652.JPG,s1_j06_j06_r3_s1_j06_r3_pict0652.jpg,J06,J06,,SER_S1#J06#3#218,zebra,-2.3333,34.8333,unknown,images\s1_j06_j06_r3_s1_j06_r3_pict0652.jpg
S1/E04/E04_R5/S1_E04_R5_PICT0107,S1/E04/E04_R5/S1_E04_R5_PICT0107.JPG,s1_e04_e04_r5_s1_e04_r5_pict0107.jpg,E04,E04,,SER_S1#E04#5#37,zebra,-2.3062,34.8027,open_grassland,images\s1_e04_e04_r5_s1_e04_r5_pict0107.jpg
S1/H02/H02_R2/S1_H02_R2_PICT0343,S1/H02/H02_R2/S1_H02_R2_PICT0343.JPG,s1_h02_h02_r2_s1_h02_r2_pict0343.jpg,H02,H02,,SER_S1#H02#2#115,zebra,-2.3333,34.8333,unknown,images\s1_h02_h02_r2_s1_h02_r2_pict0343.jpg
S1/C06/C06_R4/S1_C06_R4_PICT0210,S1/C06/C06_R4/S1_C06_R4_PICT0210.JPG,s1_c06_c06_r4_s1_c06_r4_pict0210.jpg,C06,C06,,SER_S1#C06#4#71,zebra,-2.2062,34.9027,riverine,images\s1_c06_c06_r4_s1_c06_r4_pict0210.jpg
S1/H02/H02_R2/S1_H02_R2_PICT1146,S1/H02/H02_R2/S1_H02_R2_PICT1146.JPG,s1_h02_h02_r2_s1_h02_r2_pict1146.jpg,H02,H02,,SER_S1#H02#2#382,zebra,-2.3333,34.8333,unknown,images\s1_h02_h02_r2_s1_h02_r2_pict1146.jpg
S1/J06/J06_R3/S1_J06_R3_PICT1742,S1/J06/J06_R3/S1_J06_R3_PICT1742.JPG,s1_j06_j06_r3_s1_j06_r3_pict1742.jpg,J06,J06,,SER_S1#J06#3#581,zebra,-2.3333,34.8333,unknown,images\s1_j06_j06_r3_s1_j06_r3_pict1742.jpg
S1/C06/C06_R4/S1_C06_R4_PICT0250,S1/C06/C06_R4/S1_C06_R4_PICT0250.JPG,s1_c06_c06_r4_s1_c06_r4_pict0250.jpg,C06,C06,,SER_S1#C06#4#84,zebra,-2.2062,34.9027,riverine,images\s1_c06_c06_r4_s1_c06_r4_pict0250.jpg
S1/C06/C06_R4/S1_C06_R4_PICT0256,S1/C06/C06_R4/S1_C06_R4_PICT0256.JPG,s1_c06_c06_r4_s1_c06_r4_pict0256.jpg,C06,C06,,SER_S1#C06#4#86,zebra,-2.2062,34.9027,riverine,images\s1_c06_c06_r4_s1_c06_r4_pict0256.jpg
S1/F02/F02_R3/S1_F02_R3_PICT0507,S1/F02/F02_R3/S1_F02_R3_PICT0507.JPG,s1_f02_f02_r3_s1_f02_r3_pict0507.jpg,F02,F02,,SER_S1#F02#3#169,buffalo,-2.3333,34.8333,unknown,images\s1_f02_f02_r3_s1_f02_r3_pict0507.jpg
S1/D02/D02_R1/S1_D02_R1_PICT1235,S1/D02/D02_R1/S1_D02_R1_PICT1235.JPG,s1_d02_d02_r1_s1_d02_r1_pict1235.jpg,D02,D02,,SER_S1#D02#1#413,buffalo,-2.3333,34.8333,unknown,images\s1_d02_d02_r1_s1_d02_r1_pict1235.jpg
S1/D02/D02_R1/S1_D02_R1_PICT1552,S1/D02/D02_R1/S1_D02_R1_PICT1552.JPG,s1_d02_d02_r1_s1_d02_r1_pict1552.jpg,D02,D02,,SER_S1#D02#1#516,buffalo,-2.3333,34.8333,unknown,images\s1_d02_d02_r1_s1_d02_r1_pict1552.jpg
S1/O05/O05_R1/S1_O05_R1_PICT4118,S1/O05/O05_R1/S1_O05_R1_PICT4118.JPG,s1_o05_o05_r1_s1_o05_r1_pict4118.jpg,O05,O05,,SER_S1#O05#1#1249,buffalo,-2.3333,34.8333,unknown,images\s1_o05_o05_r1_s1_o05_r1_pict4118.jpg
S1/F02/F02_R4/S1_F02_R4_PICT1736,S1/F02/F02_R4/S1_F02_R4_PICT1736.JPG,s1_f02_f02_r4_s1_f02_r4_pict1736.jpg,F02,F02,,SER_S1#F02#4#580,buffalo,-2.3333,34.8333,unknown,images\s1_f02_f02_r4_s1_f02_r4_pict1736.jpg
S1/G02/G02_R3/S1_G02_R3_PICT0082,S1/G02/G02_R3/S1_G02_R3_PICT0082.JPG,s1_g02_g02_r3_s1_g02_r3_pict0082.jpg,G02,G02,,SER_S1#G02#3#28,buffalo,-2.3333,34.8333,unknown,images\s1_g02_g02_r3_s1_g02_r3_pict0082.jpg
S1/L04/L04_R1/S1_L04_R1_PICT1286,S1/L04/L04_R1/S1_L04_R1_PICT1286.JPG,s1_l04_l04_r1_s1_l04_r1_pict1286.jpg,L04,L04,,SER_S1#L04#1#430,buffalo,-2.3333,34.8333,unknown,images\s1_l04_l04_r1_s1_l04_r1_pict1286.jpg
S1/G03/G03_R3/S1_G03_R3_PICT1592,S1/G03/G03_R3/S1_G03_R3_PICT1592.JPG,s1_g03_g03_r3_s1_g03_r3_pict1592.jpg,G03,G03,,SER_S1#G03#3#529,buffalo,-2.3333,34.8333,unknown,images\s1_g03_g03_r3_s1_g03_r3_pict1592.jpg
S1/D02/D02_R1/S1_D02_R1_PICT1545,S1/D02/D02_R1/S1_D02_R1_PICT1545.JPG,s1_d02_d02_r1_s1_d02_r1_pict1545.jpg,D02,D02,,SER_S1#D02#1#514,buffalo,-2.3333,34.8333,unknown,images\s1_d02_d02_r1_s1_d02_r1_pict1545.jpg
S1/F02/F02_R4/S1_F02_R4_PICT1789,S1/F02/F02_R4/S1_F02_R4_PICT1789.JPG,s1_f02_f02_r4_s1_f02_r4_pict1789.jpg,F02,F02,,SER_S1#F02#4#597,buffalo,-2.3333,34.8333,unknown,images\s1_f02_f02_r4_s1_f02_r4_pict1789.jpg
S1/E02/E02_R5/S1_E02_R5_PICT0247,S1/E02/E02_R5/S1_E02_R5_PICT0247.JPG,s1_e02_e02_r5_s1_e02_r5_pict0247.jpg,E02,E02,,SER_S1#E02#5#84,buffalo,-2.3333,34.8333,unknown,images\s1_e02_e02_r5_s1_e02_r5_pict0247.jpg
S1/O06/O06_R1/S1_O06_R1_PICT0376,S1/O06/O06_R1/S1_O06_R1_PICT0376.JPG,s1_o06_o06_r1_s1_o06_r1_pict0376.jpg,O06,O06,,SER_S1#O06#1#126,buffalo,-2.3333,34.8333,unknown,images\s1_o06_o06_r1_s1_o06_r1_pict0376.jpg
S1/F02/F02_R4/S1_F02_R4_PICT1753,S1/F02/F02_R4/S1_F02_R4_PICT1753.JPG,s1_f02_f02_r4_s1_f02_r4_pict1753.jpg,F02,F02,,SER_S1#F02#4#585,buffalo,-2.3333,34.8333,unknown,images\s1_f02_f02_r4_s1_f02_r4_pict1753.jpg
S1/G01/G01_R2/S1_G01_R2_PICT0311,S1/G01/G01_R2/S1_G01_R2_PICT0311.JPG,s1_g01_g01_r2_s1_g01_r2_pict0311.jpg,G01,G01,,SER_S1#G01#2#105,buffalo,-2.3333,34.8333,unknown,images\s1_g01_g01_r2_s1_g01_r2_pict0311.jpg
S1/G02/G02_R3/S1_G02_R3_PICT0097,S1/G02/G02_R3/S1_G02_R3_PICT0097.JPG,s1_g02_g02_r3_s1_g02_r3_pict0097.jpg,G02,G02,,SER_S1#G02#3#33,buffalo,-2.3333,34.8333,unknown,images\s1_g02_g02_r3_s1_g02_r3_pict0097.jpg
S1/O06/O06_R1/S1_O06_R1_PICT0264,S1/O06/O06_R1/S1_O06_R1_PICT0264.JPG,s1_o06_o06_r1_s1_o06_r1_pict0264.jpg,O06,O06,,SER_S1#O06#1#89,buffalo,-2.3333,34.8333,unknown,images\s1_o06_o06_r1_s1_o06_r1_pict0264.jpg
S1/F02/F02_R4/S1_F02_R4_PICT1723,S1/F02/F02_R4/S1_F02_R4_PICT1723.JPG,s1_f02_f02_r4_s1_f02_r4_pict1723.jpg,F02,F02,,SER_S1#F02#4#575,buffalo,-2.3333,34.8333,unknown,images\s1_f02_f02_r4_s1_f02_r4_pict1723.jpg
S1/P07/P07_R1/S1_P07_R1_PICT0704,S1/P07/P07_R1/S1_P07_R1_PICT0704.JPG,s1_p07_p07_r1_s1_p07_r1_pict0704.jpg,P07,P07,,SER_S1#P07#1#236,buffalo,-2.3333,34.8333,unknown,images\s1_p07_p07_r1_s1_p07_r1_pict0704.jpg
S1/G03/G03_R2/S1_G03_R2_PICT0043,S1/G03/G03_R2/S1_G03_R2_PICT0043.JPG,s1_g03_g03_r2_s1_g03_r2_pict0043.jpg,G03,G03,,SER_S1#G03#2#15,buffalo,-2.3333,34.8333,unknown,images\s1_g03_g03_r2_s1_g03_r2_pict0043.jpg
S1/K03/K03_R1/S1_K03_R1_PICT0230,S1/K03/K03_R1/S1_K03_R1_PICT0230.JPG,s1_k03_k03_r1_s1_k03_r1_pict0230.jpg,K03,K03,,SER_S1#K03#1#78,buffalo,-2.3333,34.8333,unknown,images\s1_k03_k03_r1_s1_k03_r1_pict0230.jpg
S1/K03/K03_R1/S1_K03_R1_PICT0387,S1/K03/K03_R1/S1_K03_R1_PICT0387.JPG,s1_k03_k03_r1_s1_k03_r1_pict0387.jpg,K03,K03,,SER_S1#K03#1#130,buffalo,-2.3333,34.8333,unknown,images\s1_k03_k03_r1_s1_k03_r1_pict0387.jpg
S1/F02/F02_R4/S1_F02_R4_PICT1741,S1/F02/F02_R4/S1_F02_R4_PICT1741.JPG,s1_f02_f02_r4_s1_f02_r4_pict1741.jpg,F02,F02,,SER_S1#F02#4#581,buffalo,-2.3333,34.8333,unknown,images\s1_f02_f02_r4_s1_f02_r4_pict1741.jpg
S1/D02/D02_R1/S1_D02_R1_PICT1670,S1/D02/D02_R1/S1_D02_R1_PICT1670.JPG,s1_d02_d02_r1_s1_d02_r1_pict1670.jpg,D02,D02,,SER_S1#D02#1#556,buffalo,-2.3333,34.8333,unknown,images\s1_d02_d02_r1_s1_d02_r1_pict1670.jpg
S1/D02/D02_R1/S1_D02_R1_PICT1629,S1/D02/D02_R1/S1_D02_R1_PICT1629.JPG,s1_d02_d02_r1_s1_d02_r1_pict1629.jpg,D02,D02,,SER_S1#D02#1#542,buffalo,-2.3333,34.8333,unknown,images\s1_d02_d02_r1_s1_d02_r1_pict1629.jpg
S1/G01/G01_R2/S1_G01_R2_PICT0312,S1/G01/G01_R2/S1_G01_R2_PICT0312.JPG,s1_g01_g01_r2_s1_g01_r2_pict0312.jpg,G01,G01,,SER_S1#G01#2#105,buffalo,-2.3333,34.8333,unknown,images\s1_g01_g01_r2_s1_g01_r2_pict0312.jpg
S1/P07/P07_R1/S1_P07_R1_PICT0955,S1/P07/P07_R1/S1_P07_R1_PICT0955.JPG,s1_p07_p07_r1_s1_p07_r1_pict0955.jpg,P07,P07,,SER_S1#P07#1#319,buffalo,-2.3333,34.8333,unknown,images\s1_p07_p07_r1_s1_p07_r1_pict0955.jpg
S1/F02/F02_R3/S1_F02_R3_PICT0547,S1/F02/F02_R3/S1_F02_R3_PICT0547.JPG,s1_f02_f02_r3_s1_f02_r3_pict0547.jpg,F02,F02,,SER_S1#F02#3#183,buffalo,-2.3333,34.8333,unknown,images\s1_f02_f02_r3_s1_f02_r3_pict0547.jpg
S1/D02/D02_R1/S1_D02_R1_PICT1384,S1/D02/D02_R1/S1_D02_R1_PICT1384.JPG,s1_d02_d02_r1_s1_d02_r1_pict1384.jpg,D02,D02,,SER_S1#D02#1#460,buffalo,-2.3333,34.8333,unknown,images\s1_d02_d02_r1_s1_d02_r1_pict1384.jpg
S1/D02/D02_R1/S1_D02_R1_PICT1310,S1/D02/D02_R1/S1_D02_R1_PICT1310.JPG,s1_d02_d02_r1_s1_d02_r1_pict1310.jpg,D02,D02,,SER_S1#D02#1#436,buffalo,-2.3333,34.8333,unknown,images\s1_d02_d02_r1_s1_d02_r1_pict1310.jpg
S1/G07/G07_R2/S1_G07_R2_PICT0180,S1/G07/G07_R2/S1_G07_R2_PICT0180.JPG,s1_g07_g07_r2_s1_g07_r2_pict0180.jpg,G07,G07,,SER_S1#G07#2#61,buffalo,-2.3333,34.8333,unknown,images\s1_g07_g07_r2_s1_g07_r2_pict0180.jpg
S1/J05/J05_R4/S1_J05_R4_PICT0618,S1/J05/J05_R4/S1_J05_R4_PICT0618.JPG,s1_j05_j05_r4_s1_j05_r4_pict0618.jpg,J05,J05,,SER_S1#J05#4#207,buffalo,-2.3333,34.8333,unknown,images\s1_j05_j05_r4_s1_j05_r4_pict0618.jpg
S1/K03/K03_R1/S1_K03_R1_PICT0382,S1/K03/K03_R1/S1_K03_R1_PICT0382.JPG,s1_k03_k03_r1_s1_k03_r1_pict0382.jpg,K03,K03,,SER_S1#K03#1#128,buffalo,-2.3333,34.8333,unknown,images\s1_k03_k03_r1_s1_k03_r1_pict0382.jpg
S1/E13/E13_R1/S1_E13_R1_PICT0122,S1/E13/E13_R1/S1_E13_R1_PICT0122.JPG,s1_e13_e13_r1_s1_e13_r1_pict0122.jpg,E13,E13,,SER_S1#E13#1#42,buffalo,-2.3333,34.8333,unknown,images\s1_e13_e13_r1_s1_e13_r1_pict0122.jpg
S1/D02/D02_R1/S1_D02_R1_PICT1635,S1/D02/D02_R1/S1_D02_R1_PICT1635.JPG,s1_d02_d02_r1_s1_d02_r1_pict1635.jpg,D02,D02,,SER_S1#D02#1#544,buffalo,-2.3333,34.8333,unknown,images\s1_d02_d02_r1_s1_d02_r1_pict1635.jpg
S1/D02/D02_R1/S1_D02_R1_PICT1759,S1/D02/D02_R1/S1_D02_R1_PICT1759.JPG,s1_d02_d02_r1_s1_d02_r1_pict1759.jpg,D02,D02,,SER_S1#D02#1#585,buffalo,-2.3333,34.8333,unknown,images\s1_d02_d02_r1_s1_d02_r1_pict1759.jpg
S1/F02/F02_R4/S1_F02_R4_PICT1771,S1/F02/F02_R4/S1_F02_R4_PICT1771.JPG,s1_f02_f02_r4_s1_f02_r4_pict1771.jpg,F02,F02,,SER_S1#F02#4#591,buffalo,-2.3333,34.8333,unknown,images\s1_f02_f02_r4_s1_f02_r4_pict1771.jpg
S1/E13/E13_R1/S1_E13_R1_PICT0145,S1/E13/E13_R1/S1_E13_R1_PICT0145.JPG,s1_e13_e13_r1_s1_e13_r1_pict0145.jpg,E13,E13,,SER_S1#E13#1#49,buffalo,-2.3333,34.8333,unknown,images\s1_e13_e13_r1_s1_e13_r1_pict0145.jpg
S1/D03/D03_R7/S1_D03_R7_PICT0020,S1/D03/D03_R7/S1_D03_R7_PICT0020.JPG,s1_d03_d03_r7_s1_d03_r7_pict0020.jpg,D03,D03,,SER_S1#D03#7#7,buffalo,-2.3333,34.8333,unknown,images\s1_d03_d03_r7_s1_d03_r7_pict0020.jpg
S1/F02/F02_R4/S1_F02_R4_PICT1740,S1/F02/F02_R4/S1_F02_R4_PICT1740.JPG,s1_f02_f02_r4_s1_f02_r4_pict1740.jpg,F02,F02,,SER_S1#F02#4#581,buffalo,-2.3333,34.8333,unknown,images\s1_f02_f02_r4_s1_f02_r4_pict1740.jpg
S1/F02/F02_R4/S1_F02_R4_PICT1770,S1/F02/F02_R4/S1_F02_R4_PICT1770.JPG,s1_f02_f02_r4_s1_f02_r4_pict1770.jpg,F02,F02,,SER_S1#F02#4#591,buffalo,-2.3333,34.8333,unknown,images\s1_f02_f02_r4_s1_f02_r4_pict1770.jpg
S1/F02/F02_R3/S1_F02_R3_PICT0441,S1/F02/F02_R3/S1_F02_R3_PICT0441.JPG,s1_f02_f02_r3_s1_f02_r3_pict0441.jpg,F02,F02,,SER_S1#F02#3#147,buffalo,-2.3333,34.8333,unknown,images\s1_f02_f02_r3_s1_f02_r3_pict0441.jpg
S1/D02/D02_R1/S1_D02_R1_PICT1526,S1/D02/D02_R1/S1_D02_R1_PICT1526.JPG,s1_d02_d02_r1_s1_d02_r1_pict1526.jpg,D02,D02,,SER_S1#D02#1#508,buffalo,-2.3333,34.8333,unknown,images\s1_d02_d02_r1_s1_d02_r1_pict1526.jpg
S1/J12/J12_R1/S1_J12_R1_PICT2862,S1/J12/J12_R1/S1_J12_R1_PICT2862.JPG,s1_j12_j12_r1_s1_j12_r1_pict2862.jpg,J12,J12,,SER_S1#J12#1#955,buffalo,-2.3333,34.8333,unknown,images\s1_j12_j12_r1_s1_j12_r1_pict2862.jpg
S1/D02/D02_R1/S1_D02_R1_PICT1319,S1/D02/D02_R1/S1_D02_R1_PICT1319.JPG,s1_d02_d02_r1_s1_d02_r1_pict1319.jpg,D02,D02,,SER_S1#D02#1#439,buffalo,-2.3333,34.8333,unknown,images\s1_d02_d02_r1_s1_d02_r1_pict1319.jpg
S1/J12/J12_R1/S1_J12_R1_PICT2921,S1/J12/J12_R1/S1_J12_R1_PICT2921.JPG,s1_j12_j12_r1_s1_j12_r1_pict2921.jpg,J12,J12,,SER_S1#J12#1#975,buffalo,-2.3333,34.8333,unknown,images\s1_j12_j12_r1_s1_j12_r1_pict2921.jpg
S1/D02/D02_R1/S1_D02_R1_PICT1746,S1/D02/D02_R1/S1_D02_R1_PICT1746.JPG,s1_d02_d02_r1_s1_d02_r1_pict1746.jpg,D02,D02,,SER_S1#D02#1#581,buffalo,-2.3333,34.8333,unknown,images\s1_d02_d02_r1_s1_d02_r1_pict1746.jpg
S1/G03/G03_R1/S1_G03_R1_PICT0035,S1/G03/G03_R1/S1_G03_R1_PICT0035.JPG,s1_g03_g03_r1_s1_g03_r1_pict0035.jpg,G03,G03,,SER_S1#G03#1#35,buffalo,-2.3333,34.8333,unknown,images\s1_g03_g03_r1_s1_g03_r1_pict0035.jpg
S1/G02/G02_R4/S1_G02_R4_PICT0202,S1/G02/G02_R4/S1_G02_R4_PICT0202.JPG,s1_g02_g02_r4_s1_g02_r4_pict0202.jpg,G02,G02,,SER_S1#G02#4#68,buffalo,-2.3333,34.8333,unknown,images\s1_g02_g02_r4_s1_g02_r4_pict0202.jpg
S1/F02/F02_R3/S1_F02_R3_PICT0546,S1/F02/F02_R3/S1_F02_R3_PICT0546.JPG,s1_f02_f02_r3_s1_f02_r3_pict0546.jpg,F02,F02,,SER_S1#F02#3#182,buffalo,-2.3333,34.8333,unknown,images\s1_f02_f02_r3_s1_f02_r3_pict0546.jpg
S1/P07/P07_R1/S1_P07_R1_PICT0950,S1/P07/P07_R1/S1_P07_R1_PICT0950.JPG,s1_p07_p07_r1_s1_p07_r1_pict0950.jpg,P07,P07,,SER_S1#P07#1#318,buffalo,-2.3333,34.8333,unknown,images\s1_p07_p07_r1_s1_p07_r1_pict0950.jpg
S1/H09/H09_R1/S1_H09_R1_PICT0169,S1/H09/H09_R1/S1_H09_R1_PICT0169.JPG,s1_h09_h09_r1_s1_h09_r1_pict0169.jpg,H09,H09,,SER_S1#H09#1#57,hyenaspotted,-2.3333,34.8333,unknown,images\s1_h09_h09_r1_s1_h09_r1_pict0169.jpg
S1/I02/I02_R1/S1_I02_R1_PICT3063,S1/I02/I02_R1/S1_I02_R1_PICT3063.JPG,s1_i02_i02_r1_s1_i02_r1_pict3063.jpg,I02,I02,,SER_S1#I02#1#1022,hyenaspotted,-2.3333,34.8333,unknown,images\s1_i02_i02_r1_s1_i02_r1_pict3063.jpg
S1/H06/H06_R4/S1_H06_R4_PICT0874,S1/H06/H06_R4/S1_H06_R4_PICT0874.JPG,s1_h06_h06_r4_s1_h06_r4_pict0874.jpg,H06,H06,,SER_S1#H06#4#292,hyenaspotted,-2.3333,34.8333,unknown,images\s1_h06_h06_r4_s1_h06_r4_pict0874.jpg
S1/I13/I13_R1/S1_I13_R1_PICT1572,S1/I13/I13_R1/S1_I13_R1_PICT1572.JPG,s1_i13_i13_r1_s1_i13_r1_pict1572.jpg,I13,I13,,SER_S1#I13#1#525,hyenaspotted,-2.3333,34.8333,unknown,images\s1_i13_i13_r1_s1_i13_r1_pict1572.jpg
S1/F02/F02_R3/S1_F02_R3_PICT1406,S1/F02/F02_R3/S1_F02_R3_PICT1406.JPG,s1_f02_f02_r3_s1_f02_r3_pict1406.jpg,F02,F02,,SER_S1#F02#3#469,hyenaspotted,-2.3333,34.8333,unknown,images\s1_f02_f02_r3_s1_f02_r3_pict1406.jpg
S1/G09/G09_R1/S1_G09_R1_PICT0113,S1/G09/G09_R1/S1_G09_R1_PICT0113.JPG,s1_g09_g09_r1_s1_g09_r1_pict0113.jpg,G09,G09,,SER_S1#G09#1#35,hyenaspotted,-2.3333,34.8333,unknown,images\s1_g09_g09_r1_s1_g09_r1_pict0113.jpg
S1/O07/O07_R1/S1_O07_R1_PICT4438,S1/O07/O07_R1/S1_O07_R1_PICT4438.JPG,s1_o07_o07_r1_s1_o07_r1_pict4438.jpg,O07,O07,,SER_S1#O07#1#1480,hyenaspotted,-2.3333,34.8333,unknown,images\s1_o07_o07_r1_s1_o07_r1_pict4438.jpg
S1/L06/L06_R1/S1_L06_R1_PICT0580,S1/L06/L06_R1/S1_L06_R1_PICT0580.JPG,s1_l06_l06_r1_s1_l06_r1_pict0580.jpg,L06,L06,,SER_S1#L06#1#194,hyenaspotted,-2.3333,34.8333,unknown,images\s1_l06_l06_r1_s1_l06_r1_pict0580.jpg
S1/H06/H06_R3/S1_H06_R3_PICT0468,S1/H06/H06_R3/S1_H06_R3_PICT0468.JPG,s1_h06_h06_r3_s1_h06_r3_pict0468.jpg,H06,H06,,SER_S1#H06#3#157,hyenaspotted,-2.3333,34.8333,unknown,images\s1_h06_h06_r3_s1_h06_r3_pict0468.jpg
S1/E03/E03_R6/S1_E03_R6_PICT0260,S1/E03/E03_R6/S1_E03_R6_PICT0260.JPG,s1_e03_e03_r6_s1_e03_r6_pict0260.jpg,E03,E03,,SER_S1#E03#6#88,hyenaspotted,-2.3333,34.8333,unknown,images\s1_e03_e03_r6_s1_e03_r6_pict0260.jpg
S1/H06/H06_R4/S1_H06_R4_PICT1192,S1/H06/H06_R4/S1_H06_R4_PICT1192.JPG,s1_h06_h06_r4_s1_h06_r4_pict1192.jpg,H06,H06,,SER_S1#H06#4#398,hyenaspotted,-2.3333,34.8333,unknown,images\s1_h06_h06_r4_s1_h06_r4_pict1192.jpg
S1/Q11/Q11_R2/S1_Q11_R2_PICT0317,S1/Q11/Q11_R2/S1_Q11_R2_PICT0317.JPG,s1_q11_q11_r2_s1_q11_r2_pict0317.jpg,Q11,Q11,,SER_S1#Q11#2#107,hyenaspotted,-2.3333,34.8333,unknown,images\s1_q11_q11_r2_s1_q11_r2_pict0317.jpg
S1/H06/H06_R4/S1_H06_R4_PICT0681,S1/H06/H06_R4/S1_H06_R4_PICT0681.JPG,s1_h06_h06_r4_s1_h06_r4_pict0681.jpg,H06,H06,,SER_S1#H06#4#228,hyenaspotted,-2.3333,34.8333,unknown,images\s1_h06_h06_r4_s1_h06_r4_pict0681.jpg
S1/H06/H06_R3/S1_H06_R3_PICT0328,S1/H06/H06_R3/S1_H06_R3_PICT0328.JPG,s1_h06_h06_r3_s1_h06_r3_pict0328.jpg,H06,H06,,SER_S1#H06#3#110,hyenaspotted,-2.3333,34.8333,unknown,images\s1_h06_h06_r3_s1_h06_r3_pict0328.jpg
S1/I13/I13_R1/S1_I13_R1_PICT1742,S1/I13/I13_R1/S1_I13_R1_PICT1742.JPG,s1_i13_i13_r1_s1_i13_r1_pict1742.jpg,I13,I13,,SER_S1#I13#1#582,hyenaspotted,-2.3333,34.8333,unknown,images\s1_i13_i13_r1_s1_i13_r1_pict1742.jpg
S1/R10/R10_R1/S1_R10_R1_PICT0145,S1/R10/R10_R1/S1_R10_R1_PICT0145.JPG,s1_r10_r10_r1_s1_r10_r1_pict0145.jpg,R10,R10,,SER_S1#R10#1#49,hyenaspotted,-2.3333,34.8333,unknown,images\s1_r10_r10_r1_s1_r10_r1_pict0145.jpg
S1/J06/J06_R3/S1_J06_R3_PICT1501,S1/J06/J06_R3/S1_J06_R3_PICT1501.JPG,s1_j06_j06_r3_s1_j06_r3_pict1501.jpg,J06,J06,,SER_S1#J06#3#501,hyenaspotted,-2.3333,34.8333,unknown,images\s1_j06_j06_r3_s1_j06_r3_pict1501.jpg
S1/R10/R10_R1/S1_R10_R1_PICT1380,S1/R10/R10_R1/S1_R10_R1_PICT1380.JPG,s1_r10_r10_r1_s1_r10_r1_pict1380.jpg,R10,R10,,SER_S1#R10#1#461,hyenaspotted,-2.3333,34.8333,unknown,images\s1_r10_r10_r1_s1_r10_r1_pict1380.jpg
S1/H06/H06_R3/S1_H06_R3_PICT0098,S1/H06/H06_R3/S1_H06_R3_PICT0098.JPG,s1_h06_h06_r3_s1_h06_r3_pict0098.jpg,H06,H06,,SER_S1#H06#3#34,hyenaspotted,-2.3333,34.8333,unknown,images\s1_h06_h06_r3_s1_h06_r3_pict0098.jpg
S1/H06/H06_R3/S1_H06_R3_PICT0297,S1/H06/H06_R3/S1_H06_R3_PICT0297.JPG,s1_h06_h06_r3_s1_h06_r3_pict0297.jpg,H06,H06,,SER_S1#H06#3#100,hyenaspotted,-2.3333,34.8333,unknown,images\s1_h06_h06_r3_s1_h06_r3_pict0297.jpg
S1/H05/H05_R2/S1_H05_R2_PICT1257,S1/H05/H05_R2/S1_H05_R2_PICT1257.JPG,s1_h05_h05_r2_s1_h05_r2_pict1257.jpg,H05,H05,,SER_S1#H05#2#419,hyenaspotted,-2.4562,34.8527,riverine,images\s1_h05_h05_r2_s1_h05_r2_pict1257.jpg
S1/H01/H01_R1/S1_H01_R1_PICT0387,S1/H01/H01_R1/S1_H01_R1_PICT0387.JPG,s1_h01_h01_r1_s1_h01_r1_pict0387.jpg,H01,H01,,SER_S1#H01#1#130,hyenaspotted,-2.3333,34.8333,unknown,images\s1_h01_h01_r1_s1_h01_r1_pict0387.jpg
S1/J13/J13_R1/S1_J13_R1_PICT0215,S1/J13/J13_R1/S1_J13_R1_PICT0215.JPG,s1_j13_j13_r1_s1_j13_r1_pict0215.jpg,J13,J13,,SER_S1#J13#1#72,hyenaspotted,-2.3333,34.8333,unknown,images\s1_j13_j13_r1_s1_j13_r1_pict0215.jpg
S1/J06/J06_R3/S1_J06_R3_PICT0907,S1/J06/J06_R3/S1_J06_R3_PICT0907.JPG,s1_j06_j06_r3_s1_j06_r3_pict0907.jpg,J06,J06,,SER_S1#J06#3#303,hyenaspotted,-2.3333,34.8333,unknown,images\s1_j06_j06_r3_s1_j06_r3_pict0907.jpg
S1/H06/H06_R4/S1_H06_R4_PICT0885,S1/H06/H06_R4/S1_H06_R4_PICT0885.JPG,s1_h06_h06_r4_s1_h06_r4_pict0885.jpg,H06,H06,,SER_S1#H06#4#296,hyenaspotted,-2.3333,34.8333,unknown,images\s1_h06_h06_r4_s1_h06_r4_pict0885.jpg
S1/G02/G02_R3/S1_G02_R3_PICT0170,S1/G02/G02_R3/S1_G02_R3_PICT0170.JPG,s1_g02_g02_r3_s1_g02_r3_pict0170.jpg,G02,G02,,SER_S1#G02#3#58,hyenaspotted,-2.3333,34.8333,unknown,images\s1_g02_g02_r3_s1_g02_r3_pict0170.jpg
S1/I13/I13_R1/S1_I13_R1_PICT1589,S1/I13/I13_R1/S1_I13_R1_PICT1589.JPG,s1_i13_i13_r1_s1_i13_r1_pict1589.jpg,I13,I13,,SER_S1#I13#1#531,hyenaspotted,-2.3333,34.8333,unknown,images\s1_i13_i13_r1_s1_i13_r1_pict1589.jpg
S1/H06/H06_R3/S1_H06_R3_PICT0115,S1/H06/H06_R3/S1_H06_R3_PICT0115.JPG,s1_h06_h06_r3_s1_h06_r3_pict0115.jpg,H06,H06,,SER_S1#H06#3#39,hyenaspotted,-2.3333,34.8333,unknown,images\s1_h06_h06_r3_s1_h06_r3_pict0115.jpg
S1/H06/H06_R3/S1_H06_R3_PICT0324,S1/H06/H06_R3/S1_H06_R3_PICT0324.JPG,s1_h06_h06_r3_s1_h06_r3_pict0324.jpg,H06,H06,,SER_S1#H06#3#109,hyenaspotted,-2.3333,34.8333,unknown,images\s1_h06_h06_r3_s1_h06_r3_pict0324.jpg
S1/H06/H06_R3/S1_H06_R3_PICT0122,S1/H06/H06_R3/S1_H06_R3_PICT0122.JPG,s1_h06_h06_r3_s1_h06_r3_pict0122.jpg,H06,H06,,SER_S1#H06#3#42,hyenaspotted,-2.3333,34.8333,unknown,images\s1_h06_h06_r3_s1_h06_r3_pict0122.jpg
S1/H06/H06_R4/S1_H06_R4_PICT0333,S1/H06/H06_R4/S1_H06_R4_PICT0333.JPG,s1_h06_h06_r4_s1_h06_r4_pict0333.jpg,H06,H06,,SER_S1#H06#4#112,hyenaspotted,-2.3333,34.8333,unknown,images\s1_h06_h06_r4_s1_h06_r4_pict0333.jpg
S1/H06/H06_R4/S1_H06_R4_PICT0872,S1/H06/H06_R4/S1_H06_R4_PICT0872.JPG,s1_h06_h06_r4_s1_h06_r4_pict0872.jpg,H06,H06,,SER_S1#H06#4#292,hyenaspotted,-2.3333,34.8333,unknown,images\s1_h06_h06_r4_s1_h06_r4_pict0872.jpg
S1/Q12/Q12_R1/S1_Q12_R1_PICT0112,S1/Q12/Q12_R1/S1_Q12_R1_PICT0112.JPG,s1_q12_q12_r1_s1_q12_r1_pict0112.jpg,Q12,Q12,,SER_S1#Q12#1#38,hyenaspotted,-2.3333,34.8333,unknown,images\s1_q12_q12_r1_s1_q12_r1_pict0112.jpg
S1/I13/I13_R1/S1_I13_R1_PICT0139,S1/I13/I13_R1/S1_I13_R1_PICT0139.JPG,s1_i13_i13_r1_s1_i13_r1_pict0139.jpg,I13,I13,,SER_S1#I13#1#47,hyenaspotted,-2.3333,34.8333,unknown,images\s1_i13_i13_r1_s1_i13_r1_pict0139.jpg
S1/B07/B07_R1/S1_B07_R1_PICT0839,S1/B07/B07_R1/S1_B07_R1_PICT0839.JPG,s1_b07_b07_r1_s1_b07_r1_pict0839.jpg,B07,B07,,SER_S1#B07#1#280,hyenaspotted,-2.1562,34.9527,woodland,images\s1_b07_b07_r1_s1_b07_r1_pict0839.jpg
S1/E07/E07_R1/S1_E07_R1_PICT0208,S1/E07/E07_R1/S1_E07_R1_PICT0208.JPG,s1_e07_e07_r1_s1_e07_r1_pict0208.jpg,E07,E07,,SER_S1#E07#1#70,hyenaspotted,-2.3333,34.8333,unknown,images\s1_e07_e07_r1_s1_e07_r1_pict0208.jpg
S1/L10/L10_R1/S1_L10_R1_PICT0235,S1/L10/L10_R1/S1_L10_R1_PICT0235.JPG,s1_l10_l10_r1_s1_l10_r1_pict0235.jpg,L10,L10,,SER_S1#L10#1#79,hyenaspotted,-2.3333,34.8333,unknown,images\s1_l10_l10_r1_s1_l10_r1_pict0235.jpg
S1/I13/I13_R1/S1_I13_R1_PICT1579,S1/I13/I13_R1/S1_I13_R1_PICT1579.JPG,s1_i13_i13_r1_s1_i13_r1_pict1579.jpg,I13,I13,,SER_S1#I13#1#527,hyenaspotted,-2.3333,34.8333,unknown,images\s1_i13_i13_r1_s1_i13_r1_pict1579.jpg
S1/D05/D05_R5/S1_D05_R5_PICT0259,S1/D05/D05_R5/S1_D05_R5_PICT0259.JPG,s1_d05_d05_r5_s1_d05_r5_pict0259.jpg,D05,D05,,SER_S1#D05#5#87,hyenaspotted,-2.2562,34.8527,open_grassland,images\s1_d05_d05_r5_s1_d05_r5_pict0259.jpg
S1/D11/D11_R1/S1_D11_R1_PICT0052,S1/D11/D11_R1/S1_D11_R1_PICT0052.JPG,s1_d11_d11_r1_s1_d11_r1_pict0052.jpg,D11,D11,,SER_S1#D11#1#18,hyenaspotted,-2.3333,34.8333,unknown,images\s1_d11_d11_r1_s1_d11_r1_pict0052.jpg
S1/P07/P07_R1/S1_P07_R1_PICT0543,S1/P07/P07_R1/S1_P07_R1_PICT0543.JPG,s1_p07_p07_r1_s1_p07_r1_pict0543.jpg,P07,P07,,SER_S1#P07#1#182,hyenaspotted,-2.3333,34.8333,unknown,images\s1_p07_p07_r1_s1_p07_r1_pict0543.jpg
S1/R10/R10_R2/S1_R10_R2_PICT0917,S1/R10/R10_R2/S1_R10_R2_PICT0917.JPG,s1_r10_r10_r2_s1_r10_r2_pict0917.jpg,R10,R10,,SER_S1#R10#2#307,hyenaspotted,-2.3333,34.8333,unknown,images\s1_r10_r10_r2_s1_r10_r2_pict0917.jpg
S1/J06/J06_R3/S1_J06_R3_PICT0826,S1/J06/J06_R3/S1_J06_R3_PICT0826.JPG,s1_j06_j06_r3_s1_j06_r3_pict0826.jpg,J06,J06,,SER_S1#J06#3#276,hyenaspotted,-2.3333,34.8333,unknown,images\s1_j06_j06_r3_s1_j06_r3_pict0826.jpg
S1/F05/F05_R2/S1_F05_R2_PICT2784,S1/F05/F05_R2/S1_F05_R2_PICT2784.JPG,s1_f05_f05_r2_s1_f05_r2_pict2784.jpg,F05,F05,,SER_S1#F05#2#928,hyenaspotted,-2.3562,34.8527,woodland,images\s1_f05_f05_r2_s1_f05_r2_pict2784.jpg
S1/H06/H06_R3/S1_H06_R3_PICT0213,S1/H06/H06_R3/S1_H06_R3_PICT0213.JPG,s1_h06_h06_r3_s1_h06_r3_pict0213.jpg,H06,H06,,SER_S1#H06#3#72,hyenaspotted,-2.3333,34.8333,unknown,images\s1_h06_h06_r3_s1_h06_r3_pict0213.jpg
S1/H06/H06_R4/S1_H06_R4_PICT1288,S1/H06/H06_R4/S1_H06_R4_PICT1288.JPG,s1_h06_h06_r4_s1_h06_r4_pict1288.jpg,H06,H06,,SER_S1#H06#4#430,hyenaspotted,-2.3333,34.8333,unknown,images\s1_h06_h06_r4_s1_h06_r4_pict1288.jpg
S1/G02/G02_R2/S1_G02_R2_PICT0083,S1/G02/G02_R2/S1_G02_R2_PICT0083.JPG,s1_g02_g02_r2_s1_g02_r2_pict0083.jpg,G02,G02,,SER_S1#G02#2#29,hyenaspotted,-2.3333,34.8333,unknown,images\s1_g02_g02_r2_s1_g02_r2_pict0083.jpg
S1/H06/H06_R3/S1_H06_R3_PICT1069,S1/H06/H06_R3/S1_H06_R3_PICT1069.JPG,s1_h06_h06_r3_s1_h06_r3_pict1069.jpg,H06,H06,,SER_S1#H06#3#357,hyenaspotted,-2.3333,34.8333,unknown,images\s1_h06_h06_r3_s1_h06_r3_pict1069.jpg
S1/R07/R07_R1/S1_R07_R1_PICT0013,S1/R07/R07_R1/S1_R07_R1_PICT0013.JPG,s1_r07_r07_r1_s1_r07_r1_pict0013.jpg,R07,R07,,SER_S1#R07#1#5,hyenaspotted,-2.3333,34.8333,unknown,images\s1_r07_r07_r1_s1_r07_r1_pict0013.jpg
S1/H06/H06_R4/S1_H06_R4_PICT0479,S1/H06/H06_R4/S1_H06_R4_PICT0479.JPG,s1_h06_h06_r4_s1_h06_r4_pict0479.jpg,H06,H06,,SER_S1#H06#4#161,hyenaspotted,-2.3333,34.8333,unknown,images\s1_h06_h06_r4_s1_h06_r4_pict0479.jpg
S1/H03/H03_R2/S1_H03_R2_PICT0274,S1/H03/H03_R2/S1_H03_R2_PICT0274.JPG,s1_h03_h03_r2_s1_h03_r2_pict0274.jpg,H03,H03,,SER_S1#H03#2#92,giraffe,-2.3333,34.8333,unknown,images\s1_h03_h03_r2_s1_h03_r2_pict0274.jpg
S1/H02/H02_R2/S1_H02_R2_PICT1132,S1/H02/H02_R2/S1_H02_R2_PICT1132.JPG,s1_h02_h02_r2_s1_h02_r2_pict1132.jpg,H02,H02,,SER_S1#H02#2#378,giraffe,-2.3333,34.8333,unknown,images\s1_h02_h02_r2_s1_h02_r2_pict1132.jpg
S1/D05/D05_R2/S1_D05_R2_PICT0012,S1/D05/D05_R2/S1_D05_R2_PICT0012.JPG,s1_d05_d05_r2_s1_d05_r2_pict0012.jpg,D05,D05,,SER_S1#D05#2#5,giraffe,-2.2562,34.8527,open_grassland,images\s1_d05_d05_r2_s1_d05_r2_pict0012.jpg
S1/E05/E05_R4/S1_E05_R4_PICT0979,S1/E05/E05_R4/S1_E05_R4_PICT0979.JPG,s1_e05_e05_r4_s1_e05_r4_pict0979.jpg,E05,E05,,SER_S1#E05#4#327,giraffe,-2.3062,34.8527,open_grassland,images\s1_e05_e05_r4_s1_e05_r4_pict0979.jpg
S1/K03/K03_R1/S1_K03_R1_PICT0339,S1/K03/K03_R1/S1_K03_R1_PICT0339.JPG,s1_k03_k03_r1_s1_k03_r1_pict0339.jpg,K03,K03,,SER_S1#K03#1#114,giraffe,-2.3333,34.8333,unknown,images\s1_k03_k03_r1_s1_k03_r1_pict0339.jpg
S1/H02/H02_R2/S1_H02_R2_PICT1119,S1/H02/H02_R2/S1_H02_R2_PICT1119.JPG,s1_h02_h02_r2_s1_h02_r2_pict1119.jpg,H02,H02,,SER_S1#H02#2#373,giraffe,-2.3333,34.8333,unknown,images\s1_h02_h02_r2_s1_h02_r2_pict1119.jpg
S1/K07/K07_R1/S1_K07_R1_PICT1585,S1/K07/K07_R1/S1_K07_R1_PICT1585.JPG,s1_k07_k07_r1_s1_k07_r1_pict1585.jpg,K07,K07,,SER_S1#K07#1#529,giraffe,-2.3333,34.8333,unknown,images\s1_k07_k07_r1_s1_k07_r1_pict1585.jpg
S1/K08/K08_R1/S1_K08_R1_PICT0189,S1/K08/K08_R1/S1_K08_R1_PICT0189.JPG,s1_k08_k08_r1_s1_k08_r1_pict0189.jpg,K08,K08,,SER_S1#K08#1#64,giraffe,-2.3333,34.8333,unknown,images\s1_k08_k08_r1_s1_k08_r1_pict0189.jpg
S1/L08/L08_R1/S1_L08_R1_PICT4094,S1/L08/L08_R1/S1_L08_R1_PICT4094.JPG,s1_l08_l08_r1_s1_l08_r1_pict4094.jpg,L08,L08,,SER_S1#L08#1#1366,giraffe,-2.3333,34.8333,unknown,images\s1_l08_l08_r1_s1_l08_r1_pict4094.jpg
S1/S12/S12_R1/S1_S12_R1_PICT0088,S1/S12/S12_R1/S1_S12_R1_PICT0088.JPG,s1_s12_s12_r1_s1_s12_r1_pict0088.jpg,S12,S12,,SER_S1#S12#1#31,giraffe,-2.3333,34.8333,unknown,images\s1_s12_s12_r1_s1_s12_r1_pict0088.jpg
S1/C04/C04_R2/S1_C04_R2_PICT0031,S1/C04/C04_R2/S1_C04_R2_PICT0031.JPG,s1_c04_c04_r2_s1_c04_r2_pict0031.jpg,C04,C04,,SER_S1#C04#2#16,giraffe,-2.2062,34.8027,open_grassland,images\s1_c04_c04_r2_s1_c04_r2_pict0031.jpg
S1/K03/K03_R1/S1_K03_R1_PICT0280,S1/K03/K03_R1/S1_K03_R1_PICT0280.JPG,s1_k03_k03_r1_s1_k03_r1_pict0280.jpg,K03,K03,,SER_S1#K03#1#94,giraffe,-2.3333,34.8333,unknown,images\s1_k03_k03_r1_s1_k03_r1_pict0280.jpg
S1/E02/E02_R3/S1_E02_R3_PICT0136,S1/E02/E02_R3/S1_E02_R3_PICT0136.JPG,s1_e02_e02_r3_s1_e02_r3_pict0136.jpg,E02,E02,,SER_S1#E02#3#46,giraffe,-2.3333,34.8333,unknown,images\s1_e02_e02_r3_s1_e02_r3_pict0136.jpg
S1/D07/D07_R3/S1_D07_R3_PICT0063,S1/D07/D07_R3/S1_D07_R3_PICT0063.JPG,s1_d07_d07_r3_s1_d07_r3_pict0063.jpg,D07,D07,,SER_S1#D07#3#22,giraffe,-2.2562,34.9527,woodland,images\s1_d07_d07_r3_s1_d07_r3_pict0063.jpg
S1/P06/P06_R1/S1_P06_R1_PICT5458,S1/P06/P06_R1/S1_P06_R1_PICT5458.JPG,s1_p06_p06_r1_s1_p06_r1_pict5458.jpg,P06,P06,,SER_S1#P06#1#1820,giraffe,-2.3333,34.8333,unknown,images\s1_p06_p06_r1_s1_p06_r1_pict5458.jpg
S1/H03/H03_R2/S1_H03_R2_PICT0105,S1/H03/H03_R2/S1_H03_R2_PICT0105.JPG,s1_h03_h03_r2_s1_h03_r2_pict0105.jpg,H03,H03,,SER_S1#H03#2#36,giraffe,-2.3333,34.8333,unknown,images\s1_h03_h03_r2_s1_h03_r2_pict0105.jpg
S1/C03/C03_R5/S1_C03_R5_PICT2667,S1/C03/C03_R5/S1_C03_R5_PICT2667.JPG,s1_c03_c03_r5_s1_c03_r5_pict2667.jpg,C03,C03,,SER_S1#C03#5#890,giraffe,-2.3333,34.8333,unknown,images\s1_c03_c03_r5_s1_c03_r5_pict2667.jpg
S1/S12/S12_R1/S1_S12_R1_PICT0034,S1/S12/S12_R1/S1_S12_R1_PICT0034.JPG,s1_s12_s12_r1_s1_s12_r1_pict0034.jpg,S12,S12,,SER_S1#S12#1#13,giraffe,-2.3333,34.8333,unknown,images\s1_s12_s12_r1_s1_s12_r1_pict0034.jpg
S1/K03/K03_R1/S1_K03_R1_PICT0279,S1/K03/K03_R1/S1_K03_R1_PICT0279.JPG,s1_k03_k03_r1_s1_k03_r1_pict0279.jpg,K03,K03,,SER_S1#K03#1#94,giraffe,-2.3333,34.8333,unknown,images\s1_k03_k03_r1_s1_k03_r1_pict0279.jpg
S1/T13/T13_R1/S1_T13_R1_PICT5246,S1/T13/T13_R1/S1_T13_R1_PICT5246.JPG,s1_t13_t13_r1_s1_t13_r1_pict5246.jpg,T13,T13,,SER_S1#T13#1#1750,giraffe,-2.3333,34.8333,unknown,images\s1_t13_t13_r1_s1_t13_r1_pict5246.jpg
S1/H03/H03_R2/S1_H03_R2_PICT0249,S1/H03/H03_R2/S1_H03_R2_PICT0249.JPG,s1_h03_h03_r2_s1_h03_r2_pict0249.jpg,H03,H03,,SER_S1#H03#2#84,giraffe,-2.3333,34.8333,unknown,images\s1_h03_h03_r2_s1_h03_r2_pict0249.jpg
S1/U09/U09_R1/S1_U09_R1_PICT0331,S1/U09/U09_R1/S1_U09_R1_PICT0331.JPG,s1_u09_u09_r1_s1_u09_r1_pict0331.jpg,U09,U09,,SER_S1#U09#1#111,giraffe,-2.3333,34.8333,unknown,images\s1_u09_u09_r1_s1_u09_r1_pict0331.jpg
S1/B05/B05_R2/S1_B05_R2_PICT0045,S1/B05/B05_R2/S1_B05_R2_PICT0045.JPG,s1_b05_b05_r2_s1_b05_r2_pict0045.jpg,B05,B05,,SER_S1#B05#2#16,giraffe,-2.1562,34.8527,open_grassland,images\s1_b05_b05_r2_s1_b05_r2_pict0045.jpg
S1/H03/H03_R2/S1_H03_R2_PICT0049,S1/H03/H03_R2/S1_H03_R2_PICT0049.JPG,s1_h03_h03_r2_s1_h03_r2_pict0049.jpg,H03,H03,,SER_S1#H03#2#17,giraffe,-2.3333,34.8333,unknown,images\s1_h03_h03_r2_s1_h03_r2_pict0049.jpg
S1/L03/L03_R1/S1_L03_R1_PICT0519,S1/L03/L03_R1/S1_L03_R1_PICT0519.JPG,s1_l03_l03_r1_s1_l03_r1_pict0519.jpg,L03,L03,,SER_S1#L03#1#174,giraffe,-2.3333,34.8333,unknown,images\s1_l03_l03_r1_s1_l03_r1_pict0519.jpg
S1/J05/J05_R4/S1_J05_R4_PICT0053,S1/J05/J05_R4/S1_J05_R4_PICT0053.JPG,s1_j05_j05_r4_s1_j05_r4_pict0053.jpg,J05,J05,,SER_S1#J05#4#19,giraffe,-2.3333,34.8333,unknown,images\s1_j05_j05_r4_s1_j05_r4_pict0053.jpg
S1/K03/K03_R1/S1_K03_R1_PICT0334,S1/K03/K03_R1/S1_K03_R1_PICT0334.JPG,s1_k03_k03_r1_s1_k03_r1_pict0334.jpg,K03,K03,,SER_S1#K03#1#112,giraffe,-2.3333,34.8333,unknown,images\s1_k03_k03_r1_s1_k03_r1_pict0334.jpg
S1/D04/D04_R6/S1_D04_R6_PICT0591,S1/D04/D04_R6/S1_D04_R6_PICT0591.JPG,s1_d04_d04_r6_s1_d04_r6_pict0591.jpg,D04,D04,,SER_S1#D04#6#198,giraffe,-2.2562,34.8027,open_grassland,images\s1_d04_d04_r6_s1_d04_r6_pict0591.jpg
S1/R09/R09_R2/S1_R09_R2_PICT0757,S1/R09/R09_R2/S1_R09_R2_PICT0757.JPG,s1_r09_r09_r2_s1_r09_r2_pict0757.jpg,R09,R09,,SER_S1#R09#2#253,giraffe,-2.3333,34.8333,unknown,images\s1_r09_r09_r2_s1_r09_r2_pict0757.jpg
S1/K08/K08_R1/S1_K08_R1_PICT0199,S1/K08/K08_R1/S1_K08_R1_PICT0199.JPG,s1_k08_k08_r1_s1_k08_r1_pict0199.jpg,K08,K08,,SER_S1#K08#1#67,giraffe,-2.3333,34.8333,unknown,images\s1_k08_k08_r1_s1_k08_r1_pict0199.jpg
S1/K08/K08_R1/S1_K08_R1_PICT0186,S1/K08/K08_R1/S1_K08_R1_PICT0186.JPG,s1_k08_k08_r1_s1_k08_r1_pict0186.jpg,K08,K08,,SER_S1#K08#1#63,giraffe,-2.3333,34.8333,unknown,images\s1_k08_k08_r1_s1_k08_r1_pict0186.jpg
S1/V13/V13_R1/S1_V13_R1_PICT2127,S1/V13/V13_R1/S1_V13_R1_PICT2127.JPG,s1_v13_v13_r1_s1_v13_r1_pict2127.jpg,V13,V13,,SER_S1#V13#1#710,giraffe,-2.3333,34.8333,unknown,images\s1_v13_v13_r1_s1_v13_r1_pict2127.jpg
S1/I06/I06_R2/S1_I06_R2_PICT0659,S1/I06/I06_R2/S1_I06_R2_PICT0659.JPG,s1_i06_i06_r2_s1_i06_r2_pict0659.jpg,I06,I06,,SER_S1#I06#2#221,giraffe,-2.3333,34.8333,unknown,images\s1_i06_i06_r2_s1_i06_r2_pict0659.jpg
S1/I04/I04_R2/S1_I04_R2_PICT0036,S1/I04/I04_R2/S1_I04_R2_PICT0036.JPG,s1_i04_i04_r2_s1_i04_r2_pict0036.jpg,I04,I04,,SER_S1#I04#2#13,giraffe,-2.5062,34.8027,open_grassland,images\s1_i04_i04_r2_s1_i04_r2_pict0036.jpg
S1/L07/L07_R1/S1_L07_R1_PICT0213,S1/L07/L07_R1/S1_L07_R1_PICT0213.JPG,s1_l07_l07_r1_s1_l07_r1_pict0213.jpg,L07,L07,,SER_S1#L07#1#72,giraffe,-2.3333,34.8333,unknown,images\s1_l07_l07_r1_s1_l07_r1_pict0213.jpg
S1/D05/D05_R2/S1_D05_R2_PICT0058,S1/D05/D05_R2/S1_D05_R2_PICT0058.JPG,s1_d05_d05_r2_s1_d05_r2_pict0058.jpg,D05,D05,,SER_S1#D05#2#20,giraffe,-2.2562,34.8527,open_grassland,images\s1_d05_d05_r2_s1_d05_r2_pict0058.jpg
S1/G07/G07_R2/S1_G07_R2_PICT0437,S1/G07/G07_R2/S1_G07_R2_PICT0437.JPG,s1_g07_g07_r2_s1_g07_r2_pict0437.jpg,G07,G07,,SER_S1#G07#2#147,giraffe,-2.3333,34.8333,unknown,images\s1_g07_g07_r2_s1_g07_r2_pict0437.jpg
S1/L13/L13_R1/S1_L13_R1_PICT0545,S1/L13/L13_R1/S1_L13_R1_PICT0545.JPG,s1_l13_l13_r1_s1_l13_r1_pict0545.jpg,L13,L13,,SER_S1#L13#1#183,giraffe,-2.3333,34.8333,unknown,images\s1_l13_l13_r1_s1_l13_r1_pict0545.jpg
S1/I05/I05_R2/S1_I05_R2_PICT0454,S1/I05/I05_R2/S1_I05_R2_PICT0454.JPG,s1_i05_i05_r2_s1_i05_r2_pict0454.jpg,I05,I05,,SER_S1#I05#2#152,giraffe,-2.5062,34.8527,open_grassland,images\s1_i05_i05_r2_s1_i05_r2_pict0454.jpg
S1/L08/L08_R1/S1_L08_R1_PICT1723,S1/L08/L08_R1/S1_L08_R1_PICT1723.JPG,s1_l08_l08_r1_s1_l08_r1_pict1723.jpg,L08,L08,,SER_S1#L08#1#575,giraffe,-2.3333,34.8333,unknown,images\s1_l08_l08_r1_s1_l08_r1_pict1723.jpg
S1/D07/D07_R1/S1_D07_R1_PICT0053,S1/D07/D07_R1/S1_D07_R1_PICT0053.JPG,s1_d07_d07_r1_s1_d07_r1_pict0053.jpg,D07,D07,,SER_S1#D07#1#53,giraffe,-2.2562,34.9527,woodland,images\s1_d07_d07_r1_s1_d07_r1_pict0053.jpg
S1/G04/G04_R1/S1_G04_R1_PICT1254,S1/G04/G04_R1/S1_G04_R1_PICT1254.JPG,s1_g04_g04_r1_s1_g04_r1_pict1254.jpg,G04,G04,,SER_S1#G04#1#420,giraffe,-2.4062,34.8027,open_grassland,images\s1_g04_g04_r1_s1_g04_r1_pict1254.jpg
S1/K03/K03_R1/S1_K03_R1_PICT0540,S1/K03/K03_R1/S1_K03_R1_PICT0540.JPG,s1_k03_k03_r1_s1_k03_r1_pict0540.jpg,K03,K03,,SER_S1#K03#1#181,giraffe,-2.3333,34.8333,unknown,images\s1_k03_k03_r1_s1_k03_r1_pict0540.jpg
S1/G02/G02_R3/S1_G02_R3_PICT0305,S1/G02/G02_R3/S1_G02_R3_PICT0305.JPG,s1_g02_g02_r3_s1_g02_r3_pict0305.jpg,G02,G02,,SER_S1#G02#3#103,giraffe,-2.3333,34.8333,unknown,images\s1_g02_g02_r3_s1_g02_r3_pict0305.jpg
S1/F09/F09_R3/S1_F09_R3_PICT1129,S1/F09/F09_R3/S1_F09_R3_PICT1129.JPG,s1_f09_f09_r3_s1_f09_r3_pict1129.jpg,F09,F09,,SER_S1#F09#3#378,giraffe,-2.3333,34.8333,unknown,images\s1_f09_f09_r3_s1_f09_r3_pict1129.jpg
S1/L08/L08_R1/S1_L08_R1_PICT4099,S1/L08/L08_R1/S1_L08_R1_PICT4099.JPG,s1_l08_l08_r1_s1_l08_r1_pict4099.jpg,L08,L08,,SER_S1#L08#1#1367,giraffe,-2.3333,34.8333,unknown,images\s1_l08_l08_r1_s1_l08_r1_pict4099.jpg
S1/B05/B05_R3/S1_B05_R3_PICT0011,S1/B05/B05_R3/S1_B05_R3_PICT0011.JPG,s1_b05_b05_r3_s1_b05_r3_pict0011.jpg,B05,B05,,SER_S1#B05#3#5,giraffe,-2.1562,34.8527,open_grassland,images\s1_b05_b05_r3_s1_b05_r3_pict0011.jpg
S1/I04/I04_R2/S1_I04_R2_PICT0026,S1/I04/I04_R2/S1_I04_R2_PICT0026.JPG,s1_i04_i04_r2_s1_i04_r2_pict0026.jpg,I04,I04,,SER_S1#I04#2#10,giraffe,-2.5062,34.8027,open_grassland,images\s1_i04_i04_r2_s1_i04_r2_pict0026.jpg
S1/K08/K08_R1/S1_K08_R1_PICT0209,S1/K08/K08_R1/S1_K08_R1_PICT0209.JPG,s1_k08_k08_r1_s1_k08_r1_pict0209.jpg,K08,K08,,SER_S1#K08#1#71,giraffe,-2.3333,34.8333,unknown,images\s1_k08_k08_r1_s1_k08_r1_pict0209.jpg
S1/I04/I04_R2/S1_I04_R2_PICT0029,S1/I04/I04_R2/S1_I04_R2_PICT0029.JPG,s1_i04_i04_r2_s1_i04_r2_pict0029.jpg,I04,I04,,SER_S1#I04#2#11,giraffe,-2.5062,34.8027,open_grassland,images\s1_i04_i04_r2_s1_i04_r2_pict0029.jpg
S1/E08/E08_R2/S1_E08_R2_PICT1506,S1/E08/E08_R2/S1_E08_R2_PICT1506.JPG,s1_e08_e08_r2_s1_e08_r2_pict1506.jpg,E08,E08,,SER_S1#E08#2#503,gazellethomsons,-2.3333,34.8333,unknown,images\s1_e08_e08_r2_s1_e08_r2_pict1506.jpg
S1/D06/D06_R2/S1_D06_R2_PICT0035,S1/D06/D06_R2/S1_D06_R2_PICT0035.JPG,s1_d06_d06_r2_s1_d06_r2_pict0035.jpg,D06,D06,,SER_S1#D06#2#13,gazellethomsons,-2.2562,34.9027,kopje,images\s1_d06_d06_r2_s1_d06_r2_pict0035.jpg
S1/J03/J03_R1/S1_J03_R1_PICT2733,S1/J03/J03_R1/S1_J03_R1_PICT2733.JPG,s1_j03_j03_r1_s1_j03_r1_pict2733.jpg,J03,J03,,SER_S1#J03#1#263,gazellethomsons,-2.3333,34.8333,unknown,images\s1_j03_j03_r1_s1_j03_r1_pict2733.jpg
S1/J04/J04_R3/S1_J04_R3_PICT3064,S1/J04/J04_R3/S1_J04_R3_PICT3064.JPG,s1_j04_j04_r3_s1_j04_r3_pict3064.jpg,J04,J04,,SER_S1#J04#3#1022,gazellethomsons,-2.3333,34.8333,unknown,images\s1_j04_j04_r3_s1_j04_r3_pict3064.jpg
S1/F02/F02_R3/S1_F02_R3_PICT1081,S1/F02/F02_R3/S1_F02_R3_PICT1081.JPG,s1_f02_f02_r3_s1_f02_r3_pict1081.jpg,F02,F02,,SER_S1#F02#3#361,gazellethomsons,-2.3333,34.8333,unknown,images\s1_f02_f02_r3_s1_f02_r3_pict1081.jpg
S1/D06/D06_R2/S1_D06_R2_PICT1412,S1/D06/D06_R2/S1_D06_R2_PICT1412.JPG,s1_d06_d06_r2_s1_d06_r2_pict1412.jpg,D06,D06,,SER_S1#D06#2#472,gazellethomsons,-2.2562,34.9027,kopje,images\s1_d06_d06_r2_s1_d06_r2_pict1412.jpg
S1/R12/R12_R2/S1_R12_R2_PICT1175,S1/R12/R12_R2/S1_R12_R2_PICT1175.JPG,s1_r12_r12_r2_s1_r12_r2_pict1175.jpg,R12,R12,,SER_S1#R12#2#393,gazellethomsons,-2.3333,34.8333,unknown,images\s1_r12_r12_r2_s1_r12_r2_pict1175.jpg
S1/I06/I06_R2/S1_I06_R2_PICT0755,S1/I06/I06_R2/S1_I06_R2_PICT0755.JPG,s1_i06_i06_r2_s1_i06_r2_pict0755.jpg,I06,I06,,SER_S1#I06#2#253,gazellethomsons,-2.3333,34.8333,unknown,images\s1_i06_i06_r2_s1_i06_r2_pict0755.jpg
S1/D06/D06_R3/S1_D06_R3_PICT0324,S1/D06/D06_R3/S1_D06_R3_PICT0324.JPG,s1_d06_d06_r3_s1_d06_r3_pict0324.jpg,D06,D06,,SER_S1#D06#3#109,gazellethomsons,-2.2562,34.9027,kopje,images\s1_d06_d06_r3_s1_d06_r3_pict0324.jpg
S1/K09/K09_R1/S1_K09_R1_PICT5620,S1/K09/K09_R1/S1_K09_R1_PICT5620.JPG,s1_k09_k09_r1_s1_k09_r1_pict5620.jpg,K09,K09,,SER_S1#K09#1#1175,gazellethomsons,-2.3333,34.8333,unknown,images\s1_k09_k09_r1_s1_k09_r1_pict5620.jpg
S1/B07/B07_R1/S1_B07_R1_PICT0690,S1/B07/B07_R1/S1_B07_R1_PICT0690.JPG,s1_b07_b07_r1_s1_b07_r1_pict0690.jpg,B07,B07,,SER_S1#B07#1#231,gazellethomsons,-2.1562,34.9527,woodland,images\s1_b07_b07_r1_s1_b07_r1_pict0690.jpg
S1/J04/J04_R3/S1_J04_R3_PICT1604,S1/J04/J04_R3/S1_J04_R3_PICT1604.JPG,s1_j04_j04_r3_s1_j04_r3_pict1604.jpg,J04,J04,,SER_S1#J04#3#535,gazellethomsons,-2.3333,34.8333,unknown,images\s1_j04_j04_r3_s1_j04_r3_pict1604.jpg
S1/K09/K09_R1/S1_K09_R1_PICT5390,S1/K09/K09_R1/S1_K09_R1_PICT5390.JPG,s1_k09_k09_r1_s1_k09_r1_pict5390.jpg,K09,K09,,SER_S1#K09#1#1099,gazellethomsons,-2.3333,34.8333,unknown,images\s1_k09_k09_r1_s1_k09_r1_pict5390.jpg
S1/I05/I05_R2/S1_I05_R2_PICT0372,S1/I05/I05_R2/S1_I05_R2_PICT0372.JPG,s1_i05_i05_r2_s1_i05_r2_pict0372.jpg,I05,I05,,SER_S1#I05#2#124,gazellethomsons,-2.5062,34.8527,open_grassland,images\s1_i05_i05_r2_s1_i05_r2_pict0372.jpg
S1/L08/L08_R1/S1_L08_R1_PICT6074,S1/L08/L08_R1/S1_L08_R1_PICT6074.JPG,s1_l08_l08_r1_s1_l08_r1_pict6074.jpg,L08,L08,,SER_S1#L08#1#2026,gazellethomsons,-2.3333,34.8333,unknown,images\s1_l08_l08_r1_s1_l08_r1_pict6074.jpg
S1/Q10/Q10_R2/S1_Q10_R2_PICT0392,S1/Q10/Q10_R2/S1_Q10_R2_PICT0392.JPG,s1_q10_q10_r2_s1_q10_r2_pict0392.jpg,Q10,Q10,,SER_S1#Q10#2#132,gazellethomsons,-2.3333,34.8333,unknown,images\s1_q10_q10_r2_s1_q10_r2_pict0392.jpg
S1/H06/H06_R4/S1_H06_R4_PICT0430,S1/H06/H06_R4/S1_H06_R4_PICT0430.JPG,s1_h06_h06_r4_s1_h06_r4_pict0430.jpg,H06,H06,,SER_S1#H06#4#144,gazellethomsons,-2.3333,34.8333,unknown,images\s1_h06_h06_r4_s1_h06_r4_pict0430.jpg
S1/H07/H07_R1/S1_H07_R1_PICT0503,S1/H07/H07_R1/S1_H07_R1_PICT0503.JPG,s1_h07_h07_r1_s1_h07_r1_pict0503.jpg,H07,H07,,SER_S1#H07#1#503,gazellethomsons,-2.3333,34.8333,unknown,images\s1_h07_h07_r1_s1_h07_r1_pict0503.jpg
S1/F05/F05_R2/S1_F05_R2_PICT3095,S1/F05/F05_R2/S1_F05_R2_PICT3095.JPG,s1_f05_f05_r2_s1_f05_r2_pict3095.jpg,F05,F05,,SER_S1#F05#2#1032,gazellethomsons,-2.3562,34.8527,woodland,images\s1_f05_f05_r2_s1_f05_r2_pict3095.jpg
S1/C04/C04_R4/S1_C04_R4_PICT0308,S1/C04/C04_R4/S1_C04_R4_PICT0308.JPG,s1_c04_c04_r4_s1_c04_r4_pict0308.jpg,C04,C04,,SER_S1#C04#4#105,gazellethomsons,-2.2062,34.8027,open_grassland,images\s1_c04_c04_r4_s1_c04_r4_pict0308.jpg
S1/K09/K09_R1/S1_K09_R1_PICT4026,S1/K09/K09_R1/S1_K09_R1_PICT4026.JPG,s1_k09_k09_r1_s1_k09_r1_pict4026.jpg,K09,K09,,SER_S1#K09#1#644,gazellethomsons,-2.3333,34.8333,unknown,images\s1_k09_k09_r1_s1_k09_r1_pict4026.jpg
S1/D05/D05_R5/S1_D05_R5_PICT0540,S1/D05/D05_R5/S1_D05_R5_PICT0540.JPG,s1_d05_d05_r5_s1_d05_r5_pict0540.jpg,D05,D05,,SER_S1#D05#5#181,gazellethomsons,-2.2562,34.8527,open_grassland,images\s1_d05_d05_r5_s1_d05_r5_pict0540.jpg
S1/I05/I05_R2/S1_I05_R2_PICT0767,S1/I05/I05_R2/S1_I05_R2_PICT0767.JPG,s1_i05_i05_r2_s1_i05_r2_pict0767.jpg,I05,I05,,SER_S1#I05#2#256,gazellethomsons,-2.5062,34.8527,open_grassland,images\s1_i05_i05_r2_s1_i05_r2_pict0767.jpg
S1/D05/D05_R4/S1_D05_R4_PICT0090,S1/D05/D05_R4/S1_D05_R4_PICT0090.JPG,s1_d05_d05_r4_s1_d05_r4_pict0090.jpg,D05,D05,,SER_S1#D05#4#8,gazellethomsons,-2.2562,34.8527,open_grassland,images\s1_d05_d05_r4_s1_d05_r4_pict0090.jpg
S1/R11/R11_R1/S1_R11_R1_PICT0048,S1/R11/R11_R1/S1_R11_R1_PICT0048.JPG,s1_r11_r11_r1_s1_r11_r1_pict0048.jpg,R11,R11,,SER_S1#R11#1#17,gazellethomsons,-2.3333,34.8333,unknown,images\s1_r11_r11_r1_s1_r11_r1_pict0048.jpg
S1/H06/H06_R4/S1_H06_R4_PICT0618,S1/H06/H06_R4/S1_H06_R4_PICT0618.JPG,s1_h06_h06_r4_s1_h06_r4_pict0618.jpg,H06,H06,,SER_S1#H06#4#207,gazellethomsons,-2.3333,34.8333,unknown,images\s1_h06_h06_r4_s1_h06_r4_pict0618.jpg
S1/D05/D05_R5/S1_D05_R5_PICT0316,S1/D05/D05_R5/S1_D05_R5_PICT0316.JPG,s1_d05_d05_r5_s1_d05_r5_pict0316.jpg,D05,D05,,SER_S1#D05#5#106,gazellethomsons,-2.2562,34.8527,open_grassland,images\s1_d05_d05_r5_s1_d05_r5_pict0316.jpg
S1/G02/G02_R2/S1_G02_R2_PICT0005,S1/G02/G02_R2/S1_G02_R2_PICT0005.JPG,s1_g02_g02_r2_s1_g02_r2_pict0005.jpg,G02,G02,,SER_S1#G02#2#3,gazellethomsons,-2.3333,34.8333,unknown,images\s1_g02_g02_r2_s1_g02_r2_pict0005.jpg
S1/D06/D06_R3/S1_D06_R3_PICT1253,S1/D06/D06_R3/S1_D06_R3_PICT1253.JPG,s1_d06_d06_r3_s1_d06_r3_pict1253.jpg,D06,D06,,SER_S1#D06#3#419,gazellethomsons,-2.2562,34.9027,kopje,images\s1_d06_d06_r3_s1_d06_r3_pict1253.jpg
S1/B07/B07_R1/S1_B07_R1_PICT0785,S1/B07/B07_R1/S1_B07_R1_PICT0785.JPG,s1_b07_b07_r1_s1_b07_r1_pict0785.jpg,B07,B07,,SER_S1#B07#1#262,gazellethomsons,-2.1562,34.9527,woodland,images\s1_b07_b07_r1_s1_b07_r1_pict0785.jpg
S1/E06/E06_R4/S1_E06_R4_PICT1301,S1/E06/E06_R4/S1_E06_R4_PICT1301.JPG,s1_e06_e06_r4_s1_e06_r4_pict1301.jpg,E06,E06,,SER_S1#E06#4#435,gazellethomsons,-2.3062,34.9027,kopje,images\s1_e06_e06_r4_s1_e06_r4_pict1301.jpg
S1/G04/G04_R1/S1_G04_R1_PICT1607,S1/G04/G04_R1/S1_G04_R1_PICT1607.JPG,s1_g04_g04_r1_s1_g04_r1_pict1607.jpg,G04,G04,,SER_S1#G04#1#538,gazellethomsons,-2.4062,34.8027,open_grassland,images\s1_g04_g04_r1_s1_g04_r1_pict1607.jpg
S1/J05/J05_R4/S1_J05_R4_PICT0316,S1/J05/J05_R4/S1_J05_R4_PICT0316.JPG,s1_j05_j05_r4_s1_j05_r4_pict0316.jpg,J05,J05,,SER_S1#J05#4#106,gazellethomsons,-2.3333,34.8333,unknown,images\s1_j05_j05_r4_s1_j05_r4_pict0316.jpg
S1/Q11/Q11_R1/S1_Q11_R1_PICT0282,S1/Q11/Q11_R1/S1_Q11_R1_PICT0282.JPG,s1_q11_q11_r1_s1_q11_r1_pict0282.jpg,Q11,Q11,,SER_S1#Q11#1#95,gazellethomsons,-2.3333,34.8333,unknown,images\s1_q11_q11_r1_s1_q11_r1_pict0282.jpg
S1/K03/K03_R1/S1_K03_R1_PICT0660,S1/K03/K03_R1/S1_K03_R1_PICT0660.JPG,s1_k03_k03_r1_s1_k03_r1_pict0660.jpg,K03,K03,,SER_S1#K03#1#221,gazellethomsons,-2.3333,34.8333,unknown,images\s1_k03_k03_r1_s1_k03_r1_pict0660.jpg
S1/F05/F05_R2/S1_F05_R2_PICT3100,S1/F05/F05_R2/S1_F05_R2_PICT3100.JPG,s1_f05_f05_r2_s1_f05_r2_pict3100.jpg,F05,F05,,SER_S1#F05#2#1034,gazellethomsons,-2.3562,34.8527,woodland,images\s1_f05_f05_r2_s1_f05_r2_pict3100.jpg
S1/J06/J06_R3/S1_J06_R3_PICT1626,S1/J06/J06_R3/S1_J06_R3_PICT1626.JPG,s1_j06_j06_r3_s1_j06_r3_pict1626.jpg,J06,J06,,SER_S1#J06#3#543,gazellethomsons,-2.3333,34.8333,unknown,images\s1_j06_j06_r3_s1_j06_r3_pict1626.jpg
S1/I06/I06_R2/S1_I06_R2_PICT0522,S1/I06/I06_R2/S1_I06_R2_PICT0522.JPG,s1_i06_i06_r2_s1_i06_r2_pict0522.jpg,I06,I06,,SER_S1#I06#2#175,gazellethomsons,-2.3333,34.8333,unknown,images\s1_i06_i06_r2_s1_i06_r2_pict0522.jpg
S1/F09/F09_R2/S1_F09_R2_PICT0566,S1/F09/F09_R2/S1_F09_R2_PICT0566.JPG,s1_f09_f09_r2_s1_f09_r2_pict0566.jpg,F09,F09,,SER_S1#F09#2#190,gazellethomsons,-2.3333,34.8333,unknown,images\s1_f09_f09_r2_s1_f09_r2_pict0566.jpg
S1/D05/D05_R5/S1_D05_R5_PICT1254,S1/D05/D05_R5/S1_D05_R5_PICT1254.JPG,s1_d05_d05_r5_s1_d05_r5_pict1254.jpg,D05,D05,,SER_S1#D05#5#419,gazellethomsons,-2.2562,34.8527,open_grassland,images\s1_d05_d05_r5_s1_d05_r5_pict1254.jpg
S1/F05/F05_R2/S1_F05_R2_PICT0841,S1/F05/F05_R2/S1_F05_R2_PICT0841.JPG,s1_f05_f05_r2_s1_f05_r2_pict0841.jpg,F05,F05,,SER_S1#F05#2#281,gazellethomsons,-2.3562,34.8527,woodland,images\s1_f05_f05_r2_s1_f05_r2_pict0841.jpg
S1/J05/J05_R3/S1_J05_R3_PICT0320,S1/J05/J05_R3/S1_J05_R3_PICT0320.JPG,s1_j05_j05_r3_s1_j05_r3_pict0320.jpg,J05,J05,,SER_S1#J05#3#108,gazellethomsons,-2.3333,34.8333,unknown,images\s1_j05_j05_r3_s1_j05_r3_pict0320.jpg
S1/K09/K09_R1/S1_K09_R1_PICT3010,S1/K09/K09_R1/S1_K09_R1_PICT3010.JPG,s1_k09_k09_r1_s1_k09_r1_pict3010.jpg,K09,K09,,SER_S1#K09#1#305,gazellethomsons,-2.3333,34.8333,unknown,images\s1_k09_k09_r1_s1_k09_r1_pict3010.jpg
S1/E06/E06_R4/S1_E06_R4_PICT0028,S1/E06/E06_R4/S1_E06_R4_PICT0028.JPG,s1_e06_e06_r4_s1_e06_r4_pict0028.jpg,E06,E06,,SER_S1#E06#4#10,gazellethomsons,-2.3062,34.9027,kopje,images\s1_e06_e06_r4_s1_e06_r4_pict0028.jpg
S1/J04/J04_R2/S1_J04_R2_PICT0805,S1/J04/J04_R2/S1_J04_R2_PICT0805.JPG,s1_j04_j04_r2_s1_j04_r2_pict0805.jpg,J04,J04,,SER_S1#J04#2#269,gazellethomsons,-2.3333,34.8333,unknown,images\s1_j04_j04_r2_s1_j04_r2_pict0805.jpg
S1/F05/F05_R2/S1_F05_R2_PICT2136,S1/F05/F05_R2/S1_F05_R2_PICT2136.JPG,s1_f05_f05_r2_s1_f05_r2_pict2136.jpg,F05,F05,,SER_S1#F05#2#712,gazellethomsons,-2.3562,34.8527,woodland,images\s1_f05_f05_r2_s1_f05_r2_pict2136.jpg
S1/J05/J05_R4/S1_J05_R4_PICT0497,S1/J05/J05_R4/S1_J05_R4_PICT0497.JPG,s1_j05_j05_r4_s1_j05_r4_pict0497.jpg,J05,J05,,SER_S1#J05#4#167,gazellethomsons,-2.3333,34.8333,unknown,images\s1_j05_j05_r4_s1_j05_r4_pict0497.jpg
S1/F05/F05_R2/S1_F05_R2_PICT1316,S1/F05/F05_R2/S1_F05_R2_PICT1316.JPG,s1_f05_f05_r2_s1_f05_r2_pict1316.jpg,F05,F05,,SER_S1#F05#2#439,gazellethomsons,-2.3562,34.8527,woodland,images\s1_f05_f05_r2_s1_f05_r2_pict1316.jpg
S1/B07/B07_R1/S1_B07_R1_PICT0912,S1/B07/B07_R1/S1_B07_R1_PICT0912.JPG,s1_b07_b07_r1_s1_b07_r1_pict0912.jpg,B07,B07,,SER_S1#B07#1#305,gazellethomsons,-2.1562,34.9527,woodland,images\s1_b07_b07_r1_s1_b07_r1_pict0912.jpg
S1/H06/H06_R4/S1_H06_R4_PICT0389,S1/H06/H06_R4/S1_H06_R4_PICT0389.JPG,s1_h06_h06_r4_s1_h06_r4_pict0389.jpg,H06,H06,,SER_S1#H06#4#131,gazellethomsons,-2.3333,34.8333,unknown,images\s1_h06_h06_r4_s1_h06_r4_pict0389.jpg
S1/J09/J09_R1/S1_J09_R1_PICT0252,S1/J09/J09_R1/S1_J09_R1_PICT0252.JPG,s1_j09_j09_r1_s1_j09_r1_pict0252.jpg,J09,J09,,SER_S1#J09#1#84,cheetah,-2.3333,34.8333,unknown,images\s1_j09_j09_r1_s1_j09_r1_pict0252.jpg
S1/L13/L13_R1/S1_L13_R1_PICT0024,S1/L13/L13_R1/S1_L13_R1_PICT0024.JPG,s1_l13_l13_r1_s1_l13_r1_pict0024.jpg,L13,L13,,SER_S1#L13#1#9,cheetah,-2.3333,34.8333,unknown,images\s1_l13_l13_r1_s1_l13_r1_pict0024.jpg
S1/U09/U09_R1/S1_U09_R1_PICT0223,S1/U09/U09_R1/S1_U09_R1_PICT0223.JPG,s1_u09_u09_r1_s1_u09_r1_pict0223.jpg,U09,U09,,SER_S1#U09#1#75,cheetah,-2.3333,34.8333,unknown,images\s1_u09_u09_r1_s1_u09_r1_pict0223.jpg
S1/L10/L10_R1/S1_L10_R1_PICT0060,S1/L10/L10_R1/S1_L10_R1_PICT0060.JPG,s1_l10_l10_r1_s1_l10_r1_pict0060.jpg,L10,L10,,SER_S1#L10#1#21,cheetah,-2.3333,34.8333,unknown,images\s1_l10_l10_r1_s1_l10_r1_pict0060.jpg
S1/I13/I13_R1/S1_I13_R1_PICT0896,S1/I13/I13_R1/S1_I13_R1_PICT0896.JPG,s1_i13_i13_r1_s1_i13_r1_pict0896.jpg,I13,I13,,SER_S1#I13#1#300,cheetah,-2.3333,34.8333,unknown,images\s1_i13_i13_r1_s1_i13_r1_pict0896.jpg
S1/T13/T13_R1/S1_T13_R1_PICT3394,S1/T13/T13_R1/S1_T13_R1_PICT3394.JPG,s1_t13_t13_r1_s1_t13_r1_pict3394.jpg,T13,T13,,SER_S1#T13#1#1132,cheetah,-2.3333,34.8333,unknown,images\s1_t13_t13_r1_s1_t13_r1_pict3394.jpg
S1/H13/H13_R1/S1_H13_R1_PICT0068,S1/H13/H13_R1/S1_H13_R1_PICT0068.JPG,s1_h13_h13_r1_s1_h13_r1_pict0068.jpg,H13,H13,,SER_S1#H13#1#24,cheetah,-2.3333,34.8333,unknown,images\s1_h13_h13_r1_s1_h13_r1_pict0068.jpg
S1/D05/D05_R4/S1_D05_R4_PICT0122,S1/D05/D05_R4/S1_D05_R4_PICT0122.JPG,s1_d05_d05_r4_s1_d05_r4_pict0122.jpg,D05,D05,,SER_S1#D05#4#18,cheetah,-2.2562,34.8527,open_grassland,images\s1_d05_d05_r4_s1_d05_r4_pict0122.jpg
S1/P10/P10_R1/S1_P10_R1_PICT0324,S1/P10/P10_R1/S1_P10_R1_PICT0324.JPG,s1_p10_p10_r1_s1_p10_r1_pict0324.jpg,P10,P10,,SER_S1#P10#1#109,cheetah,-2.3333,34.8333,unknown,images\s1_p10_p10_r1_s1_p10_r1_pict0324.jpg
S1/L10/L10_R1/S1_L10_R1_PICT0067,S1/L10/L10_R1/S1_L10_R1_PICT0067.JPG,s1_l10_l10_r1_s1_l10_r1_pict0067.jpg,L10,L10,,SER_S1#L10#1#23,cheetah,-2.3333,34.8333,unknown,images\s1_l10_l10_r1_s1_l10_r1_pict0067.jpg
S1/H07/H07_R2/S1_H07_R2_PICT0191,S1/H07/H07_R2/S1_H07_R2_PICT0191.JPG,s1_h07_h07_r2_s1_h07_r2_pict0191.jpg,H07,H07,,SER_S1#H07#2#66,cheetah,-2.3333,34.8333,unknown,images\s1_h07_h07_r2_s1_h07_r2_pict0191.jpg
S1/L10/L10_R1/S1_L10_R1_PICT0071,S1/L10/L10_R1/S1_L10_R1_PICT0071.JPG,s1_l10_l10_r1_s1_l10_r1_pict0071.jpg,L10,L10,,SER_S1#L10#1#25,cheetah,-2.3333,34.8333,unknown,images\s1_l10_l10_r1_s1_l10_r1_pict0071.jpg
S1/F11/F11_R1/S1_F11_R1_PICT1473,S1/F11/F11_R1/S1_F11_R1_PICT1473.JPG,s1_f11_f11_r1_s1_f11_r1_pict1473.jpg,F11,F11,,SER_S1#F11#1#492,cheetah,-2.3333,34.8333,unknown,images\s1_f11_f11_r1_s1_f11_r1_pict1473.jpg
S1/L10/L10_R1/S1_L10_R1_PICT0061,S1/L10/L10_R1/S1_L10_R1_PICT0061.JPG,s1_l10_l10_r1_s1_l10_r1_pict0061.jpg,L10,L10,,SER_S1#L10#1#21,cheetah,-2.3333,34.8333,unknown,images\s1_l10_l10_r1_s1_l10_r1_pict0061.jpg
S1/P10/P10_R1/S1_P10_R1_PICT0318,S1/P10/P10_R1/S1_P10_R1_PICT0318.JPG,s1_p10_p10_r1_s1_p10_r1_pict0318.jpg,P10,P10,,SER_S1#P10#1#107,cheetah,-2.3333,34.8333,unknown,images\s1_p10_p10_r1_s1_p10_r1_pict0318.jpg
S1/I13/I13_R1/S1_I13_R1_PICT0486,S1/I13/I13_R1/S1_I13_R1_PICT0486.JPG,s1_i13_i13_r1_s1_i13_r1_pict0486.jpg,I13,I13,,SER_S1#I13#1#163,cheetah,-2.3333,34.8333,unknown,images\s1_i13_i13_r1_s1_i13_r1_pict0486.jpg
S1/L10/L10_R1/S1_L10_R1_PICT0110,S1/L10/L10_R1/S1_L10_R1_PICT0110.JPG,s1_l10_l10_r1_s1_l10_r1_pict0110.jpg,L10,L10,,SER_S1#L10#1#38,cheetah,-2.3333,34.8333,unknown,images\s1_l10_l10_r1_s1_l10_r1_pict0110.jpg
S1/L10/L10_R1/S1_L10_R1_PICT0063,S1/L10/L10_R1/S1_L10_R1_PICT0063.JPG,s1_l10_l10_r1_s1_l10_r1_pict0063.jpg,L10,L10,,SER_S1#L10#1#22,cheetah,-2.3333,34.8333,unknown,images\s1_l10_l10_r1_s1_l10_r1_pict0063.jpg
S1/I13/I13_R1/S1_I13_R1_PICT0887,S1/I13/I13_R1/S1_I13_R1_PICT0887.JPG,s1_i13_i13_r1_s1_i13_r1_pict0887.jpg,I13,I13,,SER_S1#I13#1#297,cheetah,-2.3333,34.8333,unknown,images\s1_i13_i13_r1_s1_i13_r1_pict0887.jpg
S1/D08/D08_R1/S1_D08_R1_PICT0027,S1/D08/D08_R1/S1_D08_R1_PICT0027.JPG,s1_d08_d08_r1_s1_d08_r1_pict0027.jpg,D08,D08,,SER_S1#D08#1#27,cheetah,-2.3333,34.8333,unknown,images\s1_d08_d08_r1_s1_d08_r1_pict0027.jpg
S1/L10/L10_R1/S1_L10_R1_PICT0079,S1/L10/L10_R1/S1_L10_R1_PICT0079.JPG,s1_l10_l10_r1_s1_l10_r1_pict0079.jpg,L10,L10,,SER_S1#L10#1#27,cheetah,-2.3333,34.8333,unknown,images\s1_l10_l10_r1_s1_l10_r1_pict0079.jpg
S1/T13/T13_R1/S1_T13_R1_PICT3374,S1/T13/T13_R1/S1_T13_R1_PICT3374.JPG,s1_t13_t13_r1_s1_t13_r1_pict3374.jpg,T13,T13,,SER_S1#T13#1#1126,cheetah,-2.3333,34.8333,unknown,images\s1_t13_t13_r1_s1_t13_r1_pict3374.jpg
S1/D05/D05_R4/S1_D05_R4_PICT0121,S1/D05/D05_R4/S1_D05_R4_PICT0121.JPG,s1_d05_d05_r4_s1_d05_r4_pict0121.jpg,D05,D05,,SER_S1#D05#4#18,cheetah,-2.2562,34.8527,open_grassland,images\s1_d05_d05_r4_s1_d05_r4_pict0121.jpg
S1/T13/T13_R1/S1_T13_R1_PICT3388,S1/T13/T13_R1/S1_T13_R1_PICT3388.JPG,s1_t13_t13_r1_s1_t13_r1_pict3388.jpg,T13,T13,,SER_S1#T13#1#1130,cheetah,-2.3333,34.8333,unknown,images\s1_t13_t13_r1_s1_t13_r1_pict3388.jpg
S1/F09/F09_R3/S1_F09_R3_PICT0199,S1/F09/F09_R3/S1_F09_R3_PICT0199.JPG,s1_f09_f09_r3_s1_f09_r3_pict0199.jpg,F09,F09,,SER_S1#F09#3#68,cheetah,-2.3333,34.8333,unknown,images\s1_f09_f09_r3_s1_f09_r3_pict0199.jpg
S1/R09/R09_R1/S1_R09_R1_PICT0215,S1/R09/R09_R1/S1_R09_R1_PICT0215.JPG,s1_r09_r09_r1_s1_r09_r1_pict0215.jpg,R09,R09,,SER_S1#R09#1#73,cheetah,-2.3333,34.8333,unknown,images\s1_r09_r09_r1_s1_r09_r1_pict0215.jpg
S1/L10/L10_R1/S1_L10_R1_PICT0076,S1/L10/L10_R1/S1_L10_R1_PICT0076.JPG,s1_l10_l10_r1_s1_l10_r1_pict0076.jpg,L10,L10,,SER_S1#L10#1#26,cheetah,-2.3333,34.8333,unknown,images\s1_l10_l10_r1_s1_l10_r1_pict0076.jpg
S1/E13/E13_R1/S1_E13_R1_PICT0479,S1/E13/E13_R1/S1_E13_R1_PICT0479.JPG,s1_e13_e13_r1_s1_e13_r1_pict0479.jpg,E13,E13,,SER_S1#E13#1#161,cheetah,-2.3333,34.8333,unknown,images\s1_e13_e13_r1_s1_e13_r1_pict0479.jpg
S1/C04/C04_R3/S1_C04_R3_PICT0287,S1/C04/C04_R3/S1_C04_R3_PICT0287.JPG,s1_c04_c04_r3_s1_c04_r3_pict0287.jpg,C04,C04,,SER_S1#C04#3#97,cheetah,-2.2062,34.8027,open_grassland,images\s1_c04_c04_r3_s1_c04_r3_pict0287.jpg
S1/L10/L10_R1/S1_L10_R1_PICT0053,S1/L10/L10_R1/S1_L10_R1_PICT0053.JPG,s1_l10_l10_r1_s1_l10_r1_pict0053.jpg,L10,L10,,SER_S1#L10#1#19,cheetah,-2.3333,34.8333,unknown,images\s1_l10_l10_r1_s1_l10_r1_pict0053.jpg
S1/L10/L10_R1/S1_L10_R1_PICT0288,S1/L10/L10_R1/S1_L10_R1_PICT0288.JPG,s1_l10_l10_r1_s1_l10_r1_pict0288.jpg,L10,L10,,SER_S1#L10#1#97,cheetah,-2.3333,34.8333,unknown,images\s1_l10_l10_r1_s1_l10_r1_pict0288.jpg
S1/C04/C04_R3/S1_C04_R3_PICT0288,S1/C04/C04_R3/S1_C04_R3_PICT0288.JPG,s1_c04_c04_r3_s1_c04_r3_pict0288.jpg,C04,C04,,SER_S1#C04#3#97,cheetah,-2.2062,34.8027,open_grassland,images\s1_c04_c04_r3_s1_c04_r3_pict0288.jpg
S1/F10/F10_R1/S1_F10_R1_PICT0285,S1/F10/F10_R1/S1_F10_R1_PICT0285.JPG,s1_f10_f10_r1_s1_f10_r1_pict0285.jpg,F10,F10,,SER_S1#F10#1#96,cheetah,-2.3333,34.8333,unknown,images\s1_f10_f10_r1_s1_f10_r1_pict0285.jpg
S1/P10/P10_R1/S1_P10_R1_PICT0314,S1/P10/P10_R1/S1_P10_R1_PICT0314.JPG,s1_p10_p10_r1_s1_p10_r1_pict0314.jpg,P10,P10,,SER_S1#P10#1#106,cheetah,-2.3333,34.8333,unknown,images\s1_p10_p10_r1_s1_p10_r1_pict0314.jpg
S1/I13/I13_R1/S1_I13_R1_PICT0891,S1/I13/I13_R1/S1_I13_R1_PICT0891.JPG,s1_i13_i13_r1_s1_i13_r1_pict0891.jpg,I13,I13,,SER_S1#I13#1#298,cheetah,-2.3333,34.8333,unknown,images\s1_i13_i13_r1_s1_i13_r1_pict0891.jpg
S1/L10/L10_R1/S1_L10_R1_PICT0077,S1/L10/L10_R1/S1_L10_R1_PICT0077.JPG,s1_l10_l10_r1_s1_l10_r1_pict0077.jpg,L10,L10,,SER_S1#L10#1#27,cheetah,-2.3333,34.8333,unknown,images\s1_l10_l10_r1_s1_l10_r1_pict0077.jpg
S1/I13/I13_R1/S1_I13_R1_PICT0563,S1/I13/I13_R1/S1_I13_R1_PICT0563.JPG,s1_i13_i13_r1_s1_i13_r1_pict0563.jpg,I13,I13,,SER_S1#I13#1#189,cheetah,-2.3333,34.8333,unknown,images\s1_i13_i13_r1_s1_i13_r1_pict0563.jpg
S1/L10/L10_R1/S1_L10_R1_PICT0083,S1/L10/L10_R1/S1_L10_R1_PICT0083.JPG,s1_l10_l10_r1_s1_l10_r1_pict0083.jpg,L10,L10,,SER_S1#L10#1#29,cheetah,-2.3333,34.8333,unknown,images\s1_l10_l10_r1_s1_l10_r1_pict0083.jpg
S1/I13/I13_R1/S1_I13_R1_PICT0567,S1/I13/I13_R1/S1_I13_R1_PICT0567.JPG,s1_i13_i13_r1_s1_i13_r1_pict0567.jpg,I13,I13,,SER_S1#I13#1#190,cheetah,-2.3333,34.8333,unknown,images\s1_i13_i13_r1_s1_i13_r1_pict0567.jpg
S1/L10/L10_R1/S1_L10_R1_PICT0040,S1/L10/L10_R1/S1_L10_R1_PICT0040.JPG,s1_l10_l10_r1_s1_l10_r1_pict0040.jpg,L10,L10,,SER_S1#L10#1#14,cheetah,-2.3333,34.8333,unknown,images\s1_l10_l10_r1_s1_l10_r1_pict0040.jpg
S1/P10/P10_R1/S1_P10_R1_PICT0307,S1/P10/P10_R1/S1_P10_R1_PICT0307.JPG,s1_p10_p10_r1_s1_p10_r1_pict0307.jpg,P10,P10,,SER_S1#P10#1#103,cheetah,-2.3333,34.8333,unknown,images\s1_p10_p10_r1_s1_p10_r1_pict0307.jpg
S1/L10/L10_R1/S1_L10_R1_PICT0055,S1/L10/L10_R1/S1_L10_R1_PICT0055.JPG,s1_l10_l10_r1_s1_l10_r1_pict0055.jpg,L10,L10,,SER_S1#L10#1#19,cheetah,-2.3333,34.8333,unknown,images\s1_l10_l10_r1_s1_l10_r1_pict0055.jpg
S1/I13/I13_R1/S1_I13_R1_PICT0583,S1/I13/I13_R1/S1_I13_R1_PICT0583.JPG,s1_i13_i13_r1_s1_i13_r1_pict0583.jpg,I13,I13,,SER_S1#I13#1#195,cheetah,-2.3333,34.8333,unknown,images\s1_i13_i13_r1_s1_i13_r1_pict0583.jpg
S1/G05/G05_R2/S1_G05_R2_PICT0113,S1/G05/G05_R2/S1_G05_R2_PICT0113.JPG,s1_g05_g05_r2_s1_g05_r2_pict0113.jpg,G05,G05,,SER_S1#G05#2#39,cheetah,-2.4062,34.8527,open_grassland,images\s1_g05_g05_r2_s1_g05_r2_pict0113.jpg
S1/G05/G05_R1/S1_G05_R1_PICT0062,S1/G05/G05_R1/S1_G05_R1_PICT0062.JPG,s1_g05_g05_r1_s1_g05_r1_pict0062.jpg,G05,G05,,SER_S1#G05#1#61,cheetah,-2.4062,34.8527,open_grassland,images\s1_g05_g05_r1_s1_g05_r1_pict0062.jpg
S1/I13/I13_R1/S1_I13_R1_PICT0491,S1/I13/I13_R1/S1_I13_R1_PICT0491.JPG,s1_i13_i13_r1_s1_i13_r1_pict0491.jpg,I13,I13,,SER_S1#I13#1#165,cheetah,-2.3333,34.8333,unknown,images\s1_i13_i13_r1_s1_i13_r1_pict0491.jpg
S1/L10/L10_R1/S1_L10_R1_PICT0065,S1/L10/L10_R1/S1_L10_R1_PICT0065.JPG,s1_l10_l10_r1_s1_l10_r1_pict0065.jpg,L10,L10,,SER_S1#L10#1#23,cheetah,-2.3333,34.8333,unknown,images\s1_l10_l10_r1_s1_l10_r1_pict0065.jpg
S1/H13/H13_R1/S1_H13_R1_PICT0143,S1/H13/H13_R1/S1_H13_R1_PICT0143.JPG,s1_h13_h13_r1_s1_h13_r1_pict0143.jpg,H13,H13,,SER_S1#H13#1#49,cheetah,-2.3333,34.8333,unknown,images\s1_h13_h13_r1_s1_h13_r1_pict0143.jpg
S1/U11/U11_R1/S1_U11_R1_PICT0189,S1/U11/U11_R1/S1_U11_R1_PICT0189.JPG,s1_u11_u11_r1_s1_u11_r1_pict0189.jpg,U11,U11,,SER_S1#U11#1#64,cheetah,-2.3333,34.8333,unknown,images\s1_u11_u11_r1_s1_u11_r1_pict0189.jpg
S1/P10/P10_R1/S1_P10_R1_PICT0364,S1/P10/P10_R1/S1_P10_R1_PICT0364.JPG,s1_p10_p10_r1_s1_p10_r1_pict0364.jpg,P10,P10,,SER_S1#P10#1#122,cheetah,-2.3333,34.8333,unknown,images\s1_p10_p10_r1_s1_p10_r1_pict0364.jpg
S1/Q10/Q10_R2/S1_Q10_R2_PICT0068,S1/Q10/Q10_R2/S1_Q10_R2_PICT0068.JPG,s1_q10_q10_r2_s1_q10_r2_pict0068.jpg,Q10,Q10,,SER_S1#Q10#2#24,lionfemale,-2.3333,34.8333,unknown,images\s1_q10_q10_r2_s1_q10_r2_pict0068.jpg
S1/I13/I13_R1/S1_I13_R1_PICT0395,S1/I13/I13_R1/S1_I13_R1_PICT0395.JPG,s1_i13_i13_r1_s1_i13_r1_pict0395.jpg,I13,I13,,SER_S1#I13#1#133,lionfemale,-2.3333,34.8333,unknown,images\s1_i13_i13_r1_s1_i13_r1_pict0395.jpg
S1/F12/F12_R1/S1_F12_R1_PICT0269,S1/F12/F12_R1/S1_F12_R1_PICT0269.JPG,s1_f12_f12_r1_s1_f12_r1_pict0269.jpg,F12,F12,,SER_S1#F12#1#91,lionfemale,-2.3333,34.8333,unknown,images\s1_f12_f12_r1_s1_f12_r1_pict0269.jpg
S1/S11/S11_R1/S1_S11_R1_PICT0290,S1/S11/S11_R1/S1_S11_R1_PICT0290.JPG,s1_s11_s11_r1_s1_s11_r1_pict0290.jpg,S11,S11,,SER_S1#S11#1#98,lionfemale,-2.3333,34.8333,unknown,images\s1_s11_s11_r1_s1_s11_r1_pict0290.jpg
S1/F10/F10_R1/S1_F10_R1_PICT0390,S1/F10/F10_R1/S1_F10_R1_PICT0390.JPG,s1_f10_f10_r1_s1_f10_r1_pict0390.jpg,F10,F10,,SER_S1#F10#1#131,lionfemale,-2.3333,34.8333,unknown,images\s1_f10_f10_r1_s1_f10_r1_pict0390.jpg
S1/P10/P10_R1/S1_P10_R1_PICT0641,S1/P10/P10_R1/S1_P10_R1_PICT0641.JPG,s1_p10_p10_r1_s1_p10_r1_pict0641.jpg,P10,P10,,SER_S1#P10#1#215,lionfemale,-2.3333,34.8333,unknown,images\s1_p10_p10_r1_s1_p10_r1_pict0641.jpg
S1/F10/F10_R1/S1_F10_R1_PICT0368,S1/F10/F10_R1/S1_F10_R1_PICT0368.JPG,s1_f10_f10_r1_s1_f10_r1_pict0368.jpg,F10,F10,,SER_S1#F10#1#124,lionfemale,-2.3333,34.8333,unknown,images\s1_f10_f10_r1_s1_f10_r1_pict0368.jpg
S1/E08/E08_R2/S1_E08_R2_PICT0668,S1/E08/E08_R2/S1_E08_R2_PICT0668.JPG,s1_e08_e08_r2_s1_e08_r2_pict0668.jpg,E08,E08,,SER_S1#E08#2#224,lionfemale,-2.3333,34.8333,unknown,images\s1_e08_e08_r2_s1_e08_r2_pict0668.jpg
S1/I13/I13_R1/S1_I13_R1_PICT0347,S1/I13/I13_R1/S1_I13_R1_PICT0347.JPG,s1_i13_i13_r1_s1_i13_r1_pict0347.jpg,I13,I13,,SER_S1#I13#1#117,lionfemale,-2.3333,34.8333,unknown,images\s1_i13_i13_r1_s1_i13_r1_pict0347.jpg
S1/F11/F11_R1/S1_F11_R1_PICT0158,S1/F11/F11_R1/S1_F11_R1_PICT0158.JPG,s1_f11_f11_r1_s1_f11_r1_pict0158.jpg,F11,F11,,SER_S1#F11#1#54,lionfemale,-2.3333,34.8333,unknown,images\s1_f11_f11_r1_s1_f11_r1_pict0158.jpg
S1/F11/F11_R1/S1_F11_R1_PICT0162,S1/F11/F11_R1/S1_F11_R1_PICT0162.JPG,s1_f11_f11_r1_s1_f11_r1_pict0162.jpg,F11,F11,,SER_S1#F11#1#55,lionfemale,-2.3333,34.8333,unknown,images\s1_f11_f11_r1_s1_f11_r1_pict0162.jpg
S1/F11/F11_R1/S1_F11_R1_PICT0223,S1/F11/F11_R1/S1_F11_R1_PICT0223.JPG,s1_f11_f11_r1_s1_f11_r1_pict0223.jpg,F11,F11,,SER_S1#F11#1#75,lionfemale,-2.3333,34.8333,unknown,images\s1_f11_f11_r1_s1_f11_r1_pict0223.jpg
S1/P10/P10_R1/S1_P10_R1_PICT0536,S1/P10/P10_R1/S1_P10_R1_PICT0536.JPG,s1_p10_p10_r1_s1_p10_r1_pict0536.jpg,P10,P10,,SER_S1#P10#1#180,lionfemale,-2.3333,34.8333,unknown,images\s1_p10_p10_r1_s1_p10_r1_pict0536.jpg
S1/T13/T13_R1/S1_T13_R1_PICT1000,S1/T13/T13_R1/S1_T13_R1_PICT1000.JPG,s1_t13_t13_r1_s1_t13_r1_pict1000.jpg,T13,T13,,SER_S1#T13#1#334,lionfemale,-2.3333,34.8333,unknown,images\s1_t13_t13_r1_s1_t13_r1_pict1000.jpg
S1/F10/F10_R1/S1_F10_R1_PICT0482,S1/F10/F10_R1/S1_F10_R1_PICT0482.JPG,s1_f10_f10_r1_s1_f10_r1_pict0482.jpg,F10,F10,,SER_S1#F10#1#162,lionfemale,-2.3333,34.8333,unknown,images\s1_f10_f10_r1_s1_f10_r1_pict0482.jpg
S1/L10/L10_R1/S1_L10_R1_PICT0198,S1/L10/L10_R1/S1_L10_R1_PICT0198.JPG,s1_l10_l10_r1_s1_l10_r1_pict0198.jpg,L10,L10,,SER_S1#L10#1#67,lionfemale,-2.3333,34.8333,unknown,images\s1_l10_l10_r1_s1_l10_r1_pict0198.jpg
S1/F11/F11_R1/S1_F11_R1_PICT0141,S1/F11/F11_R1/S1_F11_R1_PICT0141.JPG,s1_f11_f11_r1_s1_f11_r1_pict0141.jpg,F11,F11,,SER_S1#F11#1#48,lionfemale,-2.3333,34.8333,unknown,images\s1_f11_f11_r1_s1_f11_r1_pict0141.jpg
S1/F10/F10_R1/S1_F10_R1_PICT0416,S1/F10/F10_R1/S1_F10_R1_PICT0416.JPG,s1_f10_f10_r1_s1_f10_r1_pict0416.jpg,F10,F10,,SER_S1#F10#1#140,lionfemale,-2.3333,34.8333,unknown,images\s1_f10_f10_r1_s1_f10_r1_pict0416.jpg
S1/S11/S11_R1/S1_S11_R1_PICT0093,S1/S11/S11_R1/S1_S11_R1_PICT0093.JPG,s1_s11_s11_r1_s1_s11_r1_pict0093.jpg,S11,S11,,SER_S1#S11#1#32,lionfemale,-2.3333,34.8333,unknown,images\s1_s11_s11_r1_s1_s11_r1_pict0093.jpg
S1/N04/N04_R1/S1_N04_R1_PICT3191,S1/N04/N04_R1/S1_N04_R1_PICT3191.JPG,s1_n04_n04_r1_s1_n04_r1_pict3191.jpg,N04,N04,,SER_S1#N04#1#1065,lionfemale,-2.3333,34.8333,unknown,images\s1_n04_n04_r1_s1_n04_r1_pict3191.jpg
S1/F10/F10_R1/S1_F10_R1_PICT0414,S1/F10/F10_R1/S1_F10_R1_PICT0414.JPG,s1_f10_f10_r1_s1_f10_r1_pict0414.jpg,F10,F10,,SER_S1#F10#1#139,lionfemale,-2.3333,34.8333,unknown,images\s1_f10_f10_r1_s1_f10_r1_pict0414.jpg
S1/F12/F12_R1/S1_F12_R1_PICT0422,S1/F12/F12_R1/S1_F12_R1_PICT0422.JPG,s1_f12_f12_r1_s1_f12_r1_pict0422.jpg,F12,F12,,SER_S1#F12#1#142,lionfemale,-2.3333,34.8333,unknown,images\s1_f12_f12_r1_s1_f12_r1_pict0422.jpg
S1/F10/F10_R1/S1_F10_R1_PICT0371,S1/F10/F10_R1/S1_F10_R1_PICT0371.JPG,s1_f10_f10_r1_s1_f10_r1_pict0371.jpg,F10,F10,,SER_S1#F10#1#125,lionfemale,-2.3333,34.8333,unknown,images\s1_f10_f10_r1_s1_f10_r1_pict0371.jpg
S1/T13/T13_R1/S1_T13_R1_PICT1027,S1/T13/T13_R1/S1_T13_R1_PICT1027.JPG,s1_t13_t13_r1_s1_t13_r1_pict1027.jpg,T13,T13,,SER_S1#T13#1#343,lionfemale,-2.3333,34.8333,unknown,images\s1_t13_t13_r1_s1_t13_r1_pict1027.jpg
S1/S11/S11_R1/S1_S11_R1_PICT0288,S1/S11/S11_R1/S1_S11_R1_PICT0288.JPG,s1_s11_s11_r1_s1_s11_r1_pict0288.jpg,S11,S11,,SER_S1#S11#1#97,lionfemale,-2.3333,34.8333,unknown,images\s1_s11_s11_r1_s1_s11_r1_pict0288.jpg
S1/Q08/Q08_R1/S1_Q08_R1_PICT0115,S1/Q08/Q08_R1/S1_Q08_R1_PICT0115.JPG,s1_q08_q08_r1_s1_q08_r1_pict0115.jpg,Q08,Q08,,SER_S1#Q08#1#39,lionfemale,-2.3333,34.8333,unknown,images\s1_q08_q08_r1_s1_q08_r1_pict0115.jpg
S1/M04/M04_R1/S1_M04_R1_PICT0020,S1/M04/M04_R1/S1_M04_R1_PICT0020.JPG,s1_m04_m04_r1_s1_m04_r1_pict0020.jpg,M04,M04,,SER_S1#M04#1#8,lionfemale,-2.3333,34.8333,unknown,images\s1_m04_m04_r1_s1_m04_r1_pict0020.jpg
S1/F10/F10_R1/S1_F10_R1_PICT0464,S1/F10/F10_R1/S1_F10_R1_PICT0464.JPG,s1_f10_f10_r1_s1_f10_r1_pict0464.jpg,F10,F10,,SER_S1#F10#1#156,lionfemale,-2.3333,34.8333,unknown,images\s1_f10_f10_r1_s1_f10_r1_pict0464.jpg
S1/E06/E06_R4/S1_E06_R4_PICT1452,S1/E06/E06_R4/S1_E06_R4_PICT1452.JPG,s1_e06_e06_r4_s1_e06_r4_pict1452.jpg,E06,E06,,SER_S1#E06#4#485,lionfemale,-2.3062,34.9027,kopje,images\s1_e06_e06_r4_s1_e06_r4_pict1452.jpg
S1/Q08/Q08_R1/S1_Q08_R1_PICT0089,S1/Q08/Q08_R1/S1_Q08_R1_PICT0089.JPG,s1_q08_q08_r1_s1_q08_r1_pict0089.jpg,Q08,Q08,,SER_S1#Q08#1#31,lionfemale,-2.3333,34.8333,unknown,images\s1_q08_q08_r1_s1_q08_r1_pict0089.jpg
S1/F11/F11_R1/S1_F11_R1_PICT0175,S1/F11/F11_R1/S1_F11_R1_PICT0175.JPG,s1_f11_f11_r1_s1_f11_r1_pict0175.jpg,F11,F11,,SER_S1#F11#1#59,lionfemale,-2.3333,34.8333,unknown,images\s1_f11_f11_r1_s1_f11_r1_pict0175.jpg
S1/F10/F10_R1/S1_F10_R1_PICT0196,S1/F10/F10_R1/S1_F10_R1_PICT0196.JPG,s1_f10_f10_r1_s1_f10_r1_pict0196.jpg,F10,F10,,SER_S1#F10#1#66,lionfemale,-2.3333,34.8333,unknown,images\s1_f10_f10_r1_s1_f10_r1_pict0196.jpg
S1/E13/E13_R1/S1_E13_R1_PICT0355,S1/E13/E13_R1/S1_E13_R1_PICT0355.JPG,s1_e13_e13_r1_s1_e13_r1_pict0355.jpg,E13,E13,,SER_S1#E13#1#119,lionfemale,-2.3333,34.8333,unknown,images\s1_e13_e13_r1_s1_e13_r1_pict0355.jpg
S1/F10/F10_R1/S1_F10_R1_PICT0362,S1/F10/F10_R1/S1_F10_R1_PICT0362.JPG,s1_f10_f10_r1_s1_f10_r1_pict0362.jpg,F10,F10,,SER_S1#F10#1#122,lionfemale,-2.3333,34.8333,unknown,images\s1_f10_f10_r1_s1_f10_r1_pict0362.jpg
S1/J12/J12_R1/S1_J12_R1_PICT1946,S1/J12/J12_R1/S1_J12_R1_PICT1946.JPG,s1_j12_j12_r1_s1_j12_r1_pict1946.jpg,J12,J12,,SER_S1#J12#1#650,lionfemale,-2.3333,34.8333,unknown,images\s1_j12_j12_r1_s1_j12_r1_pict1946.jpg
S1/J12/J12_R1/S1_J12_R1_PICT1926,S1/J12/J12_R1/S1_J12_R1_PICT1926.JPG,s1_j12_j12_r1_s1_j12_r1_pict1926.jpg,J12,J12,,SER_S1#J12#1#643,lionfemale,-2.3333,34.8333,unknown,images\s1_j12_j12_r1_s1_j12_r1_pict1926.jpg
S1/E06/E06_R4/S1_E06_R4_PICT1439,S1/E06/E06_R4/S1_E06_R4_PICT1439.JPG,s1_e06_e06_r4_s1_e06_r4_pict1439.jpg,E06,E06,,SER_S1#E06#4#481,lionfemale,-2.3062,34.9027,kopje,images\s1_e06_e06_r4_s1_e06_r4_pict1439.jpg
S1/S11/S11_R1/S1_S11_R1_PICT0058,S1/S11/S11_R1/S1_S11_R1_PICT0058.JPG,s1_s11_s11_r1_s1_s11_r1_pict0058.jpg,S11,S11,,SER_S1#S11#1#20,lionfemale,-2.3333,34.8333,unknown,images\s1_s11_s11_r1_s1_s11_r1_pict0058.jpg
S1/S11/S11_R1/S1_S11_R1_PICT0133,S1/S11/S11_R1/S1_S11_R1_PICT0133.JPG,s1_s11_s11_r1_s1_s11_r1_pict0133.jpg,S11,S11,,SER_S1#S11#1#45,lionfemale,-2.3333,34.8333,unknown,images\s1_s11_s11_r1_s1_s11_r1_pict0133.jpg
S1/R09/R09_R2/S1_R09_R2_PICT0715,S1/R09/R09_R2/S1_R09_R2_PICT0715.JPG,s1_r09_r09_r2_s1_r09_r2_pict0715.jpg,R09,R09,,SER_S1#R09#2#239,lionfemale,-2.3333,34.8333,unknown,images\s1_r09_r09_r2_s1_r09_r2_pict0715.jpg
S1/F10/F10_R1/S1_F10_R1_PICT0431,S1/F10/F10_R1/S1_F10_R1_PICT0431.JPG,s1_f10_f10_r1_s1_f10_r1_pict0431.jpg,F10,F10,,SER_S1#F10#1#145,lionfemale,-2.3333,34.8333,unknown,images\s1_f10_f10_r1_s1_f10_r1_pict0431.jpg
S1/U11/U11_R1/S1_U11_R1_PICT0317,S1/U11/U11_R1/S1_U11_R1_PICT0317.JPG,s1_u11_u11_r1_s1_u11_r1_pict0317.jpg,U11,U11,,SER_S1#U11#1#107,lionfemale,-2.3333,34.8333,unknown,images\s1_u11_u11_r1_s1_u11_r1_pict0317.jpg
S1/U11/U11_R1/S1_U11_R1_PICT0309,S1/U11/U11_R1/S1_U11_R1_PICT0309.JPG,s1_u11_u11_r1_s1_u11_r1_pict0309.jpg,U11,U11,,SER_S1#U11#1#104,lionfemale,-2.3333,34.8333,unknown,images\s1_u11_u11_r1_s1_u11_r1_pict0309.jpg
S1/F10/F10_R1/S1_F10_R1_PICT0504,S1/F10/F10_R1/S1_F10_R1_PICT0504.JPG,s1_f10_f10_r1_s1_f10_r1_pict0504.jpg,F10,F10,,SER_S1#F10#1#169,lionfemale,-2.3333,34.8333,unknown,images\s1_f10_f10_r1_s1_f10_r1_pict0504.jpg
S1/C05/C05_R3/S1_C05_R3_PICT1191,S1/C05/C05_R3/S1_C05_R3_PICT1191.JPG,s1_c05_c05_r3_s1_c05_r3_pict1191.jpg,C05,C05,,SER_S1#C05#3#398,lionfemale,-2.2062,34.8527,open_grassland,images\s1_c05_c05_r3_s1_c05_r3_pict1191.jpg
S1/F10/F10_R1/S1_F10_R1_PICT0372,S1/F10/F10_R1/S1_F10_R1_PICT0372.JPG,s1_f10_f10_r1_s1_f10_r1_pict0372.jpg,F10,F10,,SER_S1#F10#1#125,lionfemale,-2.3333,34.8333,unknown,images\s1_f10_f10_r1_s1_f10_r1_pict0372.jpg
S1/Q08/Q08_R1/S1_Q08_R1_PICT0195,S1/Q08/Q08_R1/S1_Q08_R1_PICT0195.JPG,s1_q08_q08_r1_s1_q08_r1_pict0195.jpg,Q08,Q08,,SER_S1#Q08#1#66,lionfemale,-2.3333,34.8333,unknown,images\s1_q08_q08_r1_s1_q08_r1_pict0195.jpg
S1/K03/K03_R1/S1_K03_R1_PICT0185,S1/K03/K03_R1/S1_K03_R1_PICT0185.JPG,s1_k03_k03_r1_s1_k03_r1_pict0185.jpg,K03,K03,,SER_S1#K03#1#63,lionfemale,-2.3333,34.8333,unknown,images\s1_k03_k03_r1_s1_k03_r1_pict0185.jpg
S1/P10/P10_R1/S1_P10_R1_PICT0495,S1/P10/P10_R1/S1_P10_R1_PICT0495.JPG,s1_p10_p10_r1_s1_p10_r1_pict0495.jpg,P10,P10,,SER_S1#P10#1#166,lionfemale,-2.3333,34.8333,unknown,images\s1_p10_p10_r1_s1_p10_r1_pict0495.jpg
S1/O08/O08_R1/S1_O08_R1_PICT0033,S1/O08/O08_R1/S1_O08_R1_PICT0033.JPG,s1_o08_o08_r1_s1_o08_r1_pict0033.jpg,O08,O08,,SER_S1#O08#1#11,lionfemale,-2.3333,34.8333,unknown,images\s1_o08_o08_r1_s1_o08_r1_pict0033.jpg
S1/K09/K09_R1/S1_K09_R1_PICT4949,S1/K09/K09_R1/S1_K09_R1_PICT4949.JPG,s1_k09_k09_r1_s1_k09_r1_pict4949.jpg,K09,K09,,SER_S1#K09#1#952,lionmale,-2.3333,34.8333,unknown,images\s1_k09_k09_r1_s1_k09_r1_pict4949.jpg
S1/K09/K09_R1/S1_K09_R1_PICT5667,S1/K09/K09_R1/S1_K09_R1_PICT5667.JPG,s1_k09_k09_r1_s1_k09_r1_pict5667.jpg,K09,K09,,SER_S1#K09#1#1191,lionmale,-2.3333,34.8333,unknown,images\s1_k09_k09_r1_s1_k09_r1_pict5667.jpg
S1/H06/H06_R4/S1_H06_R4_PICT1487,S1/H06/H06_R4/S1_H06_R4_PICT1487.JPG,s1_h06_h06_r4_s1_h06_r4_pict1487.jpg,H06,H06,,SER_S1#H06#4#497,lionmale,-2.3333,34.8333,unknown,images\s1_h06_h06_r4_s1_h06_r4_pict1487.jpg
S1/P10/P10_R1/S1_P10_R1_PICT0606,S1/P10/P10_R1/S1_P10_R1_PICT0606.JPG,s1_p10_p10_r1_s1_p10_r1_pict0606.jpg,P10,P10,,SER_S1#P10#1#203,lionmale,-2.3333,34.8333,unknown,images\s1_p10_p10_r1_s1_p10_r1_pict0606.jpg
S1/L10/L10_R1/S1_L10_R1_PICT0164,S1/L10/L10_R1/S1_L10_R1_PICT0164.JPG,s1_l10_l10_r1_s1_l10_r1_pict0164.jpg,L10,L10,,SER_S1#L10#1#56,lionmale,-2.3333,34.8333,unknown,images\s1_l10_l10_r1_s1_l10_r1_pict0164.jpg
S1/L10/L10_R1/S1_L10_R1_PICT0162,S1/L10/L10_R1/S1_L10_R1_PICT0162.JPG,s1_l10_l10_r1_s1_l10_r1_pict0162.jpg,L10,L10,,SER_S1#L10#1#55,lionmale,-2.3333,34.8333,unknown,images\s1_l10_l10_r1_s1_l10_r1_pict0162.jpg
S1/N08/N08_R1/S1_N08_R1_PICT0152,S1/N08/N08_R1/S1_N08_R1_PICT0152.JPG,s1_n08_n08_r1_s1_n08_r1_pict0152.jpg,N08,N08,,SER_S1#N08#1#48,lionmale,-2.3333,34.8333,unknown,images\s1_n08_n08_r1_s1_n08_r1_pict0152.jpg
S1/K10/K10_R1/S1_K10_R1_PICT0014,S1/K10/K10_R1/S1_K10_R1_PICT0014.JPG,s1_k10_k10_r1_s1_k10_r1_pict0014.jpg,K10,K10,,SER_S1#K10#1#6,lionmale,-2.3333,34.8333,unknown,images\s1_k10_k10_r1_s1_k10_r1_pict0014.jpg
S1/K09/K09_R1/S1_K09_R1_PICT5791,S1/K09/K09_R1/S1_K09_R1_PICT5791.JPG,s1_k09_k09_r1_s1_k09_r1_pict5791.jpg,K09,K09,,SER_S1#K09#1#1232,lionmale,-2.3333,34.8333,unknown,images\s1_k09_k09_r1_s1_k09_r1_pict5791.jpg
S1/K09/K09_R1/S1_K09_R1_PICT5779,S1/K09/K09_R1/S1_K09_R1_PICT5779.JPG,s1_k09_k09_r1_s1_k09_r1_pict5779.jpg,K09,K09,,SER_S1#K09#1#1228,lionmale,-2.3333,34.8333,unknown,images\s1_k09_k09_r1_s1_k09_r1_pict5779.jpg
S1/K09/K09_R1/S1_K09_R1_PICT5731,S1/K09/K09_R1/S1_K09_R1_PICT5731.JPG,s1_k09_k09_r1_s1_k09_r1_pict5731.jpg,K09,K09,,SER_S1#K09#1#1212,lionmale,-2.3333,34.8333,unknown,images\s1_k09_k09_r1_s1_k09_r1_pict5731.jpg
S1/H06/H06_R4/S1_H06_R4_PICT1451,S1/H06/H06_R4/S1_H06_R4_PICT1451.JPG,s1_h06_h06_r4_s1_h06_r4_pict1451.jpg,H06,H06,,SER_S1#H06#4#485,lionmale,-2.3333,34.8333,unknown,images\s1_h06_h06_r4_s1_h06_r4_pict1451.jpg
S1/K09/K09_R1/S1_K09_R1_PICT5676,S1/K09/K09_R1/S1_K09_R1_PICT5676.JPG,s1_k09_k09_r1_s1_k09_r1_pict5676.jpg,K09,K09,,SER_S1#K09#1#1194,lionmale,-2.3333,34.8333,unknown,images\s1_k09_k09_r1_s1_k09_r1_pict5676.jpg
S1/K09/K09_R1/S1_K09_R1_PICT4892,S1/K09/K09_R1/S1_K09_R1_PICT4892.JPG,s1_k09_k09_r1_s1_k09_r1_pict4892.jpg,K09,K09,,SER_S1#K09#1#933,lionmale,-2.3333,34.8333,unknown,images\s1_k09_k09_r1_s1_k09_r1_pict4892.jpg
S1/M07/M07_R1/S1_M07_R1_PICT0085,S1/M07/M07_R1/S1_M07_R1_PICT0085.JPG,s1_m07_m07_r1_s1_m07_r1_pict0085.jpg,M07,M07,,SER_S1#M07#1#29,lionmale,-2.3333,34.8333,unknown,images\s1_m07_m07_r1_s1_m07_r1_pict0085.jpg
S1/M09/M09_R1/S1_M09_R1_PICT0509,S1/M09/M09_R1/S1_M09_R1_PICT0509.JPG,s1_m09_m09_r1_s1_m09_r1_pict0509.jpg,M09,M09,,SER_S1#M09#1#170,lionmale,-2.3333,34.8333,unknown,images\s1_m09_m09_r1_s1_m09_r1_pict0509.jpg
S1/K09/K09_R1/S1_K09_R1_PICT5764,S1/K09/K09_R1/S1_K09_R1_PICT5764.JPG,s1_k09_k09_r1_s1_k09_r1_pict5764.jpg,K09,K09,,SER_S1#K09#1#1223,lionmale,-2.3333,34.8333,unknown,images\s1_k09_k09_r1_s1_k09_r1_pict5764.jpg
S1/F12/F12_R1/S1_F12_R1_PICT0950,S1/F12/F12_R1/S1_F12_R1_PICT0950.JPG,s1_f12_f12_r1_s1_f12_r1_pict0950.jpg,F12,F12,,SER_S1#F12#1#318,lionmale,-2.3333,34.8333,unknown,images\s1_f12_f12_r1_s1_f12_r1_pict0950.jpg
S1/K09/K09_R1/S1_K09_R1_PICT5656,S1/K09/K09_R1/S1_K09_R1_PICT5656.JPG,s1_k09_k09_r1_s1_k09_r1_pict5656.jpg,K09,K09,,SER_S1#K09#1#1187,lionmale,-2.3333,34.8333,unknown,images\s1_k09_k09_r1_s1_k09_r1_pict5656.jpg
S1/F10/F10_R1/S1_F10_R1_PICT0220,S1/F10/F10_R1/S1_F10_R1_PICT0220.JPG,s1_f10_f10_r1_s1_f10_r1_pict0220.jpg,F10,F10,,SER_S1#F10#1#74,lionmale,-2.3333,34.8333,unknown,images\s1_f10_f10_r1_s1_f10_r1_pict0220.jpg
S1/K09/K09_R1/S1_K09_R1_PICT5686,S1/K09/K09_R1/S1_K09_R1_PICT5686.JPG,s1_k09_k09_r1_s1_k09_r1_pict5686.jpg,K09,K09,,SER_S1#K09#1#1197,lionmale,-2.3333,34.8333,unknown,images\s1_k09_k09_r1_s1_k09_r1_pict5686.jpg
S1/K09/K09_R1/S1_K09_R1_PICT5801,S1/K09/K09_R1/S1_K09_R1_PICT5801.JPG,s1_k09_k09_r1_s1_k09_r1_pict5801.jpg,K09,K09,,SER_S1#K09#1#1236,lionmale,-2.3333,34.8333,unknown,images\s1_k09_k09_r1_s1_k09_r1_pict5801.jpg
S1/H06/H06_R4/S1_H06_R4_PICT1395,S1/H06/H06_R4/S1_H06_R4_PICT1395.JPG,s1_h06_h06_r4_s1_h06_r4_pict1395.jpg,H06,H06,,SER_S1#H06#4#466,lionmale,-2.3333,34.8333,unknown,images\s1_h06_h06_r4_s1_h06_r4_pict1395.jpg
S1/F12/F12_R1/S1_F12_R1_PICT0276,S1/F12/F12_R1/S1_F12_R1_PICT0276.JPG,s1_f12_f12_r1_s1_f12_r1_pict0276.jpg,F12,F12,,SER_S1#F12#1#93,lionmale,-2.3333,34.8333,unknown,images\s1_f12_f12_r1_s1_f12_r1_pict0276.jpg
S1/F12/F12_R1/S1_F12_R1_PICT0274,S1/F12/F12_R1/S1_F12_R1_PICT0274.JPG,s1_f12_f12_r1_s1_f12_r1_pict0274.jpg,F12,F12,,SER_S1#F12#1#92,lionmale,-2.3333,34.8333,unknown,images\s1_f12_f12_r1_s1_f12_r1_pict0274.jpg
S1/K09/K09_R1/S1_K09_R1_PICT5726,S1/K09/K09_R1/S1_K09_R1_PICT5726.JPG,s1_k09_k09_r1_s1_k09_r1_pict5726.jpg,K09,K09,,SER_S1#K09#1#1211,lionmale,-2.3333,34.8333,unknown,images\s1_k09_k09_r1_s1_k09_r1_pict5726.jpg
S1/K10/K10_R1/S1_K10_R1_PICT0162,S1/K10/K10_R1/S1_K10_R1_PICT0162.JPG,s1_k10_k10_r1_s1_k10_r1_pict0162.jpg,K10,K10,,SER_S1#K10#1#55,lionmale,-2.3333,34.8333,unknown,images\s1_k10_k10_r1_s1_k10_r1_pict0162.jpg
S1/M07/M07_R1/S1_M07_R1_PICT0038,S1/M07/M07_R1/S1_M07_R1_PICT0038.JPG,s1_m07_m07_r1_s1_m07_r1_pict0038.jpg,M07,M07,,SER_S1#M07#1#14,lionmale,-2.3333,34.8333,unknown,images\s1_m07_m07_r1_s1_m07_r1_pict0038.jpg
S1/F12/F12_R1/S1_F12_R1_PICT1208,S1/F12/F12_R1/S1_F12_R1_PICT1208.JPG,s1_f12_f12_r1_s1_f12_r1_pict1208.jpg,F12,F12,,SER_S1#F12#1#404,lionmale,-2.3333,34.8333,unknown,images\s1_f12_f12_r1_s1_f12_r1_pict1208.jpg
S1/M07/M07_R1/S1_M07_R1_PICT0081,S1/M07/M07_R1/S1_M07_R1_PICT0081.JPG,s1_m07_m07_r1_s1_m07_r1_pict0081.jpg,M07,M07,,SER_S1#M07#1#28,lionmale,-2.3333,34.8333,unknown,images\s1_m07_m07_r1_s1_m07_r1_pict0081.jpg
S1/F12/F12_R1/S1_F12_R1_PICT0086,S1/F12/F12_R1/S1_F12_R1_PICT0086.JPG,s1_f12_f12_r1_s1_f12_r1_pict0086.jpg,F12,F12,,SER_S1#F12#1#30,lionmale,-2.3333,34.8333,unknown,images\s1_f12_f12_r1_s1_f12_r1_pict0086.jpg
S1/P10/P10_R1/S1_P10_R1_PICT0579,S1/P10/P10_R1/S1_P10_R1_PICT0579.JPG,s1_p10_p10_r1_s1_p10_r1_pict0579.jpg,P10,P10,,SER_S1#P10#1#194,lionmale,-2.3333,34.8333,unknown,images\s1_p10_p10_r1_s1_p10_r1_pict0579.jpg
S1/K09/K09_R1/S1_K09_R1_PICT5767,S1/K09/K09_R1/S1_K09_R1_PICT5767.JPG,s1_k09_k09_r1_s1_k09_r1_pict5767.jpg,K09,K09,,SER_S1#K09#1#1224,lionmale,-2.3333,34.8333,unknown,images\s1_k09_k09_r1_s1_k09_r1_pict5767.jpg
S1/K09/K09_R1/S1_K09_R1_PICT5647,S1/K09/K09_R1/S1_K09_R1_PICT5647.JPG,s1_k09_k09_r1_s1_k09_r1_pict5647.jpg,K09,K09,,SER_S1#K09#1#1184,lionmale,-2.3333,34.8333,unknown,images\s1_k09_k09_r1_s1_k09_r1_pict5647.jpg
S1/H06/H06_R4/S1_H06_R4_PICT1397,S1/H06/H06_R4/S1_H06_R4_PICT1397.JPG,s1_h06_h06_r4_s1_h06_r4_pict1397.jpg,H06,H06,,SER_S1#H06#4#467,lionmale,-2.3333,34.8333,unknown,images\s1_h06_h06_r4_s1_h06_r4_pict1397.jpg
S1/K09/K09_R1/S1_K09_R1_PICT5774,S1/K09/K09_R1/S1_K09_R1_PICT5774.JPG,s1_k09_k09_r1_s1_k09_r1_pict5774.jpg,K09,K09,,SER_S1#K09#1#1227,lionmale,-2.3333,34.8333,unknown,images\s1_k09_k09_r1_s1_k09_r1_pict5774.jpg
S1/K10/K10_R1/S1_K10_R1_PICT0161,S1/K10/K10_R1/S1_K10_R1_PICT0161.JPG,s1_k10_k10_r1_s1_k10_r1_pict0161.jpg,K10,K10,,SER_S1#K10#1#55,lionmale,-2.3333,34.8333,unknown,images\s1_k10_k10_r1_s1_k10_r1_pict0161.jpg
S1/E13/E13_R1/S1_E13_R1_PICT0342,S1/E13/E13_R1/S1_E13_R1_PICT0342.JPG,s1_e13_e13_r1_s1_e13_r1_pict0342.jpg,E13,E13,,SER_S1#E13#1#115,lionmale,-2.3333,34.8333,unknown,images\s1_e13_e13_r1_s1_e13_r1_pict0342.jpg
S1/K10/K10_R1/S1_K10_R1_PICT0008,S1/K10/K10_R1/S1_K10_R1_PICT0008.JPG,s1_k10_k10_r1_s1_k10_r1_pict0008.jpg,K10,K10,,SER_S1#K10#1#4,lionmale,-2.3333,34.8333,unknown,images\s1_k10_k10_r1_s1_k10_r1_pict0008.jpg
S1/K09/K09_R1/S1_K09_R1_PICT5751,S1/K09/K09_R1/S1_K09_R1_PICT5751.JPG,s1_k09_k09_r1_s1_k09_r1_pict5751.jpg,K09,K09,,SER_S1#K09#1#1219,lionmale,-2.3333,34.8333,unknown,images\s1_k09_k09_r1_s1_k09_r1_pict5751.jpg
S1/F12/F12_R1/S1_F12_R1_PICT1709,S1/F12/F12_R1/S1_F12_R1_PICT1709.JPG,s1_f12_f12_r1_s1_f12_r1_pict1709.jpg,F12,F12,,SER_S1#F12#1#571,lionmale,-2.3333,34.8333,unknown,images\s1_f12_f12_r1_s1_f12_r1_pict1709.jpg
S1/H02/H02_R2/S1_H02_R2_PICT1051,S1/H02/H02_R2/S1_H02_R2_PICT1051.JPG,s1_h02_h02_r2_s1_h02_r2_pict1051.jpg,H02,H02,,SER_S1#H02#2#351,lionmale,-2.3333,34.8333,unknown,images\s1_h02_h02_r2_s1_h02_r2_pict1051.jpg
S1/H06/H06_R4/S1_H06_R4_PICT1491,S1/H06/H06_R4/S1_H06_R4_PICT1491.JPG,s1_h06_h06_r4_s1_h06_r4_pict1491.jpg,H06,H06,,SER_S1#H06#4#498,lionmale,-2.3333,34.8333,unknown,images\s1_h06_h06_r4_s1_h06_r4_pict1491.jpg
S1/M07/M07_R1/S1_M07_R1_PICT0077,S1/M07/M07_R1/S1_M07_R1_PICT0077.JPG,s1_m07_m07_r1_s1_m07_r1_pict0077.jpg,M07,M07,,SER_S1#M07#1#27,lionmale,-2.3333,34.8333,unknown,images\s1_m07_m07_r1_s1_m07_r1_pict0077.jpg
S1/S11/S11_R1/S1_S11_R1_PICT0282,S1/S11/S11_R1/S1_S11_R1_PICT0282.JPG,s1_s11_s11_r1_s1_s11_r1_pict0282.jpg,S11,S11,,SER_S1#S11#1#95,lionmale,-2.3333,34.8333,unknown,images\s1_s11_s11_r1_s1_s11_r1_pict0282.jpg
S1/L03/L03_R1/S1_L03_R1_PICT0028,S1/L03/L03_R1/S1_L03_R1_PICT0028.JPG,s1_l03_l03_r1_s1_l03_r1_pict0028.jpg,L03,L03,,SER_S1#L03#1#10,lionmale,-2.3333,34.8333,unknown,images\s1_l03_l03_r1_s1_l03_r1_pict0028.jpg
S1/H06/H06_R4/S1_H06_R4_PICT1503,S1/H06/H06_R4/S1_H06_R4_PICT1503.JPG,s1_h06_h06_r4_s1_h06_r4_pict1503.jpg,H06,H06,,SER_S1#H06#4#502,lionmale,-2.3333,34.8333,unknown,images\s1_h06_h06_r4_s1_h06_r4_pict1503.jpg
S1/K09/K09_R1/S1_K09_R1_PICT5783,S1/K09/K09_R1/S1_K09_R1_PICT5783.JPG,s1_k09_k09_r1_s1_k09_r1_pict5783.jpg,K09,K09,,SER_S1#K09#1#1230,lionmale,-2.3333,34.8333,unknown,images\s1_k09_k09_r1_s1_k09_r1_pict5783.jpg
S1/K10/K10_R1/S1_K10_R1_PICT0016,S1/K10/K10_R1/S1_K10_R1_PICT0016.JPG,s1_k10_k10_r1_s1_k10_r1_pict0016.jpg,K10,K10,,SER_S1#K10#1#6,lionmale,-2.3333,34.8333,unknown,images\s1_k10_k10_r1_s1_k10_r1_pict0016.jpg
S1/M09/M09_R1/S1_M09_R1_PICT0458,S1/M09/M09_R1/S1_M09_R1_PICT0458.JPG,s1_m09_m09_r1_s1_m09_r1_pict0458.jpg,M09,M09,,SER_S1#M09#1#153,lionmale,-2.3333,34.8333,unknown,images\s1_m09_m09_r1_s1_m09_r1_pict0458.jpg
